"id","text","rating","afinn","lsd","vader","sums"
441,"""We don't win anymore.  We lose to China.  We lose to Mexico.  We lose to everybody."" -TrumpPreach it, sir, preach it! #GOPDebate",1,0.8,-0.5,-0.888,3.376
398," @brianmrosenthal: ICYMI: At #GOPDebate, @RandPaul calls out Houston Mayor Annise Parker over #HERO controversy: http://t.co/qxB1edQOzN",1,0,-1,0.652,3.304
280,"Cruz: ""I receive the word of God everyday..."" God: ""Don't blame me for this guy. There are pills for those voices.""#GOPdebates",-1,0,-1,0.641,3.282
586,"Actually Trump, we live in the least violent time in human history. #GOPDebate",1,-0.6,-1,0.485,2.97
205,"No channel to watch now. #CNN is liberal,#FNC &amp; @megynkelly r #RNC hitman #crony . @realDonaldTrump dont join #GOPDebate anymore #GoTrump",-1,0,1,-0.475,2.95
335," @MiaHoll18: @BradThor If Mr. Trump runs as an Independent the Republicans can't win either. ",1,0.8,1,-0.472,2.944
60,"The Republican Party wakes up with a huge hangover, a splitting headache and no idea why it's in bed with Donald Trump. #GOPDebate #RSG15",-1,0,-1,0.421,2.842
505,"Yeah all the candidates are going to repel Obamacare and replace it with something! Go GOP! ",1,0.2,-1,0.418,2.836
349,"@mcbyrne Trump did NOT threaten Megyn Kelly, drama queen. #GOPDebate #FOXNEWSDEBATE #FoxDebate",1,-0.4,1,0.292,2.8
521,"I missed the #GOPDebate (driving The Mother Road) but I did take a very satisfying bowel movement in Bushland, Texas. http://t.co/e0HUW70rRR",1,-0.4,1,0.591,2.8
45,"The real voice of the #GOP in the #GOPDebate was @realDonaldTrump. @FoxNews don't be mad, he's only parroting what you have been sying 4yrs.",-1,-0.6,-1,0.388,2.776
138,"#GOPDebate Final Statement: Please Pander to Religious Nutjobs and Illiterates. Go!##FOXNEWSDEBATE#GOP#GOPDebates #RWNJ",-1,0.2,-1,0.38,2.76
454,"""I defunded Planned Parenthood. I created a culture of life."" PP = healthier people, parents &amp; babies &amp; LOWERS no. of abortions. #GOPDebates",1,-0.2,1,-0.347,2.694
94," @Kjhobbs1985: @TheDemocrats not really... like the @ppact videos you're not watching anyway. ",-1,0.4,1,-0.324,2.648
369," @FoxNews: .@ScottWalker pledges to lower the tax rate and reform the tax code, if elected president. #GOPDebate http://t.co/sknHfYkw3U",1,0,1,-0.296,2.592
448,"I don't dislike Jeb as much as most ",1,-0.4,-1,0.292,2.584
482,".@ppact can sell baby parts for profit, or whatever you want to call it, but Trump can't call a woman a slob. #GOPDebate #PC #Trump2016",1,0.2,-1,0.273,2.546
199," @funnyordie: It's not whether you win or lose, Donald. The only thing that matters in life is not winding up like you. #GOPDebate",-1,0.467,0.333,-0.777,2.488
334,"When @megynkelly says, for t sake of #argument, #LetMePlayTheDevilsAdvocate, she means it &amp; no one does it better. #GOPDebate #KellyFile",1,0.1,1,-0.202,2.404
500,"Chris Christie: Pro-Life Republicans Should Never Apologize for Being Pro-Life http://t.co/mDMnEd8lGq ",1,-0.2,1,-0.076,2.4
38," @DemocracyMatrz: Did Trump just admit to buying influence while at the same time declaring the need for campaign finance reform??? ",-1,-0.2,1,0.327,2.4
100," @DemocracyMatrz: Did Trump just admit to buying influence while at the same time declaring the need for campaign finance reform??? ",-1,-0.2,1,0.327,2.4
132,"@juliaturner @Slate It's about time they admit to something. Truthfully if the didn't then we would call them out on it. ",-1,-0.2,1,0.572,2.4
149," @Popehat: #GOPDebates Paul: ""I want to collect more records from terrorists and fewer from Americans.""",-1,0.2,-1,-0.62,2.4
442,"At last @JebBush trying to unite and pitch to by not attacking @realDonaldTrump ",1,-0.2,1,0.357,2.4
463,"No doubt! Huge bump! ",1,-0.067,-1,0.186,2.372
145,"@RealAlexJones @libertytarian @JakariJax @LeeAnnMcAdoo Wether @realDonaldTrump is a trojan horse or not, is he worth a punt? #GOPDebate",-1,0.4,1,-0.169,2.338
173,"Watching the #GOPDebates I can't help but think of Claire Underwood referring to political debates as ""spectacle"" in season 3 #Profound",-1,0.4,1,-0.16,2.32
537,"While I wasn't too impressed with her questions last night, @megynkelly 's dress rocked!!! #whoareyouwearing #GOPDebate @FoxNews",1,0.6,0,-0.531,2.262
452,"@realDonaldTrump lives to fight another day. Odds seem to ever be in his favor. ",1,0.1,-1,0.026,2.2
79," @ShannonSanford9: Undoubtedly @FoxNews doesn't want @TedCruz to have any questions. ",-1,0.2,1,-0.057,2.114
499,"Christie, Huckabee, Walker get top marks... who didn't score well last night http://t.co/3aFiekciTk #GOPDebate",1,0.4,1,-0.004,2.008
1,"For your entertainment. ",-1,0,1,0.421,2
2," @SalMasekela: Is Kasich aware that he's making sense? ",-1,0,1,0,2
13," @rebleber: Not mentioned in the #GOPdebate:Voting rightsClimate changeGun violencePolice shootingsStudent debtInequality",-1,0,-1,0,2
23,"Lemme see...who else?Bush, Rubio? Too similar. #GOPDebate",-1,0,-1,0,2
41,"Walker answering on Iran. First straighten out our Brewers. ",-1,0,1,0,2
46,"I can't wait for Hillary Clinton to put the ",-1,0,-1,0,2
47," @scrowder: Talking all things #GOPDebate. Specifically, the complete massacre that happened at the hands of Carly Fiorina. #LwC",-1,0,-1,0,2
49," @b140tweet: Rip  ",-1,0,-1,0,2
62,"hadiyah: Rand Paul rocking that Wet and Wavy. Ooh Kill'em! ",-1,0,-1,0,2
68,"@billmaher Can't wait to get your take on #GOPDebate, Planned Parenthood, Iran Deal, Trump on tonight's #RealTime",-1,0,-1,0,2
69," @jasper_deezy: Mike Huckabee quoting Limp Bizkit lyrics for his military talking points ",-1,0,-1,0,2
83,"same old tiresome ",-1,0,-1,0,2
97,"karl_sans_marx:  carmengoblue: It is like Miss America meets Jerry Springer. ",-1,0,1,0.226,2
106,"Trump didn't pledge to not run third party, but I'll pledge to vote third party if he's the nominee. http://t.co/3teP5ZSZUn #GOPDebate",-1,0,1,0.444,2
131," @GallagherPreach: It is just me or can anyone else not wait for SNL this weekend for the debate coverage? ",-1,0,1,0,2
151," @MormonDems: Ben Carson: I will end polarization by removing health insurance from 17 million Americans. ",-1,0,-1,0,2
158,"surprised to learn that Ben Carson was part of the ",-1,0,1,0.226,2
167," @pattonoswalt: Are they going to ask Lenny Kravitz's penis ONE question? This is very disrespectful. ",-1,0,-1,0,2
168,"Fox is over this. Turning this into breaking news. ",-1,0,-1,0,2
172," @Jerry_Holbert: Refreshing. ",-1,0,1,0,2
177,"Who Wants A Hug?#GOPDebate http://t.co/iaTS8vyx7c",-1,0.4,1,0,2
191," @nerdist: I gotta say it's refreshing to hear a presidential debate where everyone is correctly pronouncing ""nuclear"" #GOPDebate",-1,0,1,0,2
193," @WhineNot: Rush: ""Not one of the 9 other candidates on the stage joined Megan Kelly in going after Donald Trump"" #GOPDebate",-1,0,1,0,2
201,"@FoxNews fumbles the ",-1,0,-1,0,2
215,"It is just me or can anyone else not wait for SNL this weekend for the debate coverage? ",-1,0,1,0,2
217,"Martha MacCallum gets credit for asking whether Christians have a religious liberty double-standard for Muslims ",-1,0,1,0.718,2
227,"Watching the #GOPDebate from last night. Ouf, it's tough hearing Donald Trump speak. Gonna be a long road to the Republican nomination.",-1,0,-1,-0.128,2
233,"Repealing Dodd-Frank is not wise. ",-1,0,-1,-0.372,2
247," @theLadyGrantham: Who put Lord Grantham in charge of Donald Trump's finances? ",-1,0,-1,0,2
249,"Tonight we were entertained by the first round of the ",-1,0,1,0.402,2
267," @theyentareport: What? You want to know if any of the candidates hear strange voices in their head?  ",-1,0,-1,-0.217,2
290,"Unless you're talking about our schools, air quality, water quality... #Kasich #GOPDebates  https://t.co/znljf0zJd9",-1,0,1,0,2
302," @Conssista: Rightly so Frank. Rightly so. ",1,0,1,0,2
337," @Lrihendry: #TedCruz As President, I will always tell the truth, and do what I said I would do.  #GOPDebates",1,0,1,0.318,2
367,"@CarlyFiorina @realDonaldTrump #GOPDebate Country before party!  Why pledge away the option to do what may need to be done.",1,0,1,0.457,2
372,"Enjoyed the ",1,0,1,0.511,2
376,"Trump slams Megyn Kelly http://t.co/oBNQDPOemX via @worldnetdaily ",1,0,-1,0,2
387,"Aaand the question about the racial divide goes to ... *drum roll* ... the only black man on stage. ",1,0,-1,0,2
395,"A minister, a doctor and 2 business owners walked on a stage last night and made the most sense to me. #GOPDebate http://t.co/Gly4myQxYw",1,0,1,0,2
408," @RWSurferGirl: These debates will raise @realDonaldTrump 's ratings because Fox News is afraid of Trump and it shows. ",1,-0.4,-1,0,2
413," @MichiganCRs: ""I believe the people are looking for someone to tell the truth"" @tedcruz #Cruz2016 #GOPDebate",1,0,1,0.318,2
425,"I missed the #GOPDebate, but I'm amazed that Trump is somehow considered in the lead.https://t.co/Qzmg96pf75",1,0,1,0.572,2
429,"Ben Carson is caked up with the finest Black Radiance setting powder.#GOPDebate #GopDebates #BNRDebate #debate",1,0,1,0.34,2
434," @SalMasekela: Is Kasich aware that he's making sense? ",1,0,1,0,2
450," @RWSurferGirl: These debates will raise @realDonaldTrump 's ratings because Fox News is afraid of Trump and it shows. ",1,-0.4,-1,0,2
455," @FreedomJames7: Who Wants A Hug?#GOPDebate http://t.co/iaTS8vyx7c",1,0.4,1,0,2
456," @kerrydiaries: Honestly not sure if I'm watching Mean Girls or ",1,0,1,0.259,2
469," @stephenstephan: Rubio: Basically all life is sacred. ",1,0,1,0,2
470,"@megynkelly @BretBaier @FoxNewsSunday Ppl say @realDonaldTrump needs specifics. Yet u gave THOSE type questions ONLY to opponents ",1,0,-1,0,2
479,"Bernie Sanders is a fucking national treasure.@BernieSanders #FeelTheBern #GOPDebate #JonStewart #DonaldTrump #Bernie2016 #Democrat",1,-0.8,-1,0,2
484,".@CarlyFiorina Shows How to Push Back Against Matthews on @Hardball ",1,0,-1,0,2
485,"Fifty-fifty% on ""the stupidity of the American voter"" .@RealBenCarson on @HillaryClinton at the #GOPDebate http://t.co/pkyjSglvFr",1,0,-1,-0.44,2
487," @optibotimus: Know what's funny....the ",1,0.8,1,0,2
489," @adamslily: Here's your contrast. ",1,0,-1,0,2
493,"Mike Huckabee. You've not received the nomination too many times. @GOP ",1,0,-1,0,2
495,"sydtrvp:  BernieSanders: Tom Hanks. Finally. Somebody who makes some sense. ",1,0,1,0,2
519,"Trump got double the speaking time of Paul: http://t.co/2wndAiiiKc ",1,0,-1,0,2
524,"Trump schooling Chris Wallace reminded me of that scene in Back To School where Dangerfield schooled the nerdy biz professor. ",1,0,-1,-0.052,2
527," @comcatholicgrl: @marcorubio slaying ",1,0,-1,0,2
529,"Wouldn't this be refreshing?@tedcruz @RealBenCarson #GOPDebate  #ThinkBeforeYouVote #Stand #WillNeverLie  https://t.co/Vgz4knFXK7",1,0,1,0,2
541,"You're right Last I heard @SenSanders was that only women could give birth to s child. Has that changed? ",1,0,1,0,2
545,"Huckabee plays bass right? He must play a Steinberger. I just know it. ",1,0,1,0.527,2
553," @comcatholicgrl: ""When the government tries to invade the Church, it's time to resist"" -@RandPaul #GOPDebate",1,0,-1,0,2
554," @abbijacobson: Shiiiittt, it's tough to say who is making me more horny. #GOPDebate",1,0,-1,-0.128,2
563,"Women always call men pigs. If #Trump calls them a dog they should shut up, hypocrites @realdonaldtrump @megynkelly #GOPDebate #tcot #tlot",1,0,-1,0,2
574,"OK Trump you're the one who brought immigration to national stage sure lets go with that makes sense ",1,0,1,0.663,2
575," @SalMasekela: Is Kasich aware that he's making sense? ",1,0,1,0,2
577," @JohnKasich: John Kasich knows how to balance budgets because he's actually done it. He will do it again. ",1,0,1,0,2
581,"Trump wants to form The Night's Watch! A big wall with a fancy door! Yassssss! ",1,0.2,1,0,2
583,"If #ChrisChristie's disapproval ratings are high now, wait till the #Bridgegate trial this fall. #GOPDebate #FoxNews http://t.co/r9CTpLW5UP",1,0,-1,0,2
593," @fieldnegro: The happiest person in America today after watching those debates is HRC. ",1,0,1,0.637,2
597,"Why watch 10 contenders debate when you can just watch Megyn Kelly? ",1,0,-1,0,2
599," @SalMasekela: Is Kasich aware that he's making sense? ",1,0,1,0,2
139,"Intern on #GOPDebate: ""this lady kept asking questions about gay rights and lesbians and women's rights. It was ridiculous.""",-1,-0.6,0.333,-0.361,1.866
22,"And what a big mistake it was for Wallace to question @realDonaldTrump's business tactics. Never question Trump on business ",-1,-0.1,-1,-0.34,1.8
99,"hadiyah: Lets see Jeb Bush try to solve a Common Core math problem. ",-1,-0.1,-1,-0.226,1.8
321,"While I sometimes don't like @realDonaldTrump 's character, he's still the only candidate calling it like it is. #GOPDebate #ycot",1,0.4,1,0.1,1.8
403," @saladinahmed: That part where Huckabee started screaming about fetuses and spraying chrome paint in his mouth was intense. ",1,-0.1,-1,-0.318,1.8
405,"No one summed it up better than ",1,0.1,1,0.178,1.8
438,".@megynkelly displayed ""utmost authority"" at @foxnews #GOPDebate, critic says. http://t.co/8JbvwJTj3T http://t.co/mel8jxm19b",1,-0.1,-1,-0.202,1.8
324,"The #GOPDebate ratings were huge, which appeared to hurt broadcast: http://t.co/DRn2BHOhII",1,-0.1,-1,-0.273,1.8
148," @averykayla: At what point am I suppose to stop laughing and start crying? ",-1,-0.133,-1,-0.273,1.734
596," @DeenaZaruCNN: .@RealBenCarson: Thank you Megyn, I wasn't sure I was going to to get to talk again #GOPDebate http://t.co/GNnn9idoNs",1,0.4,1,0.138,1.724
192,"I think all the GOP candidates have a secret crush on Hillary because they were trashing talking her so much. ",-1,-0.2,-1,-0.153,1.694
21,"Sen. Perry calls for ""aviation assets"" (means spy drones) that ""identify what individuals are doing"" 24/7 #GOPDebates http://t.co/ipbSIczyIN",-1,0.4,1,0.178,1.644
570,"@ShawnSuth Don't be misled. It was like a 5/10 tweet party. The #GOPDebate, on the other hand, would have been incredible.",1,0.4,0,0.813,1.626
446,"Republicans Debate Economics: Rubio Wins, Bush Falters, Huckabee Exaggerates http://t.co/mOlloaQhWQ #GOPdebate #knowmorenotless @GPNAPLang",1,0.2,-0.333,0.477,1.62
559,"If you are one to complain about America's corrupt 2 party system - you better not complain about Trump's threat last night ",1,-0.2,-0.6,0.205,1.61
91," @ReelQuinn: Pretty sure Ted Cruz was one of the Darrens from Bewitched. #GOPDebate #Derwood",-1,0.2,1,0.67,1.6
112,"God blessed our country, the Republican candidates....but NOT them democrats. -Rubio #Paraphrase #GOPDebates you... http://t.co/PgijYpJZdf",-1,0.2,1,0.718,1.6
125," @MonsterandBoy: I am in an uproar for not being invited to tonight's debate! I demand a reason!  ",-1,-0.2,-1,-0.27,1.6
146," @0787: alyssaphucker:  HuffingtonPost: The real winner of the #GOPDebate? MegynKellyhttps://t.co/KmRn9BV2fM http://t.co/AuhlNZa3Ww",-1,0.8,0,0.586,1.6
221,".@instagram and @facebook need to free the @Dreamdefenders acct. ",-1,0.2,1,0.511,1.6
276,"Trump is going to claim God gave him a campaign contribution. ",-1,0.2,1,0.273,1.6
299,"Mr Trump's questions were NO tougher than anyone else's. When you get center stage you gotta be able to take the heat. ",-1,-0.2,-1,-0.307,1.6
325,"From watching #GOPDebate last nite, now know Rubio, Walker &amp; Santorum share belief they'd rather see wives die thn ""let"" thm get abortions.",1,-0.2,-1,-0.402,1.6
370,"Agree with @IngrahamAngle on @foxnews questions for ",1,0.2,1,0.361,1.6
386," @tonykatz: Can I get a debate where @GovChristie and @RandPaul discuss liberty and security for an hour? Please? @93wibc ",1,0.2,1,0.816,1.6
399,"Here comes Chase from Facebook, asking the important questions *hurts forearm making jerk off gesture* #GOPDebates",1,-0.2,-1,-0.572,1.6
409,"Wow, I expected a lot of people would watch the #GOPDebate but not this many http://t.co/io41NN1omN",1,0.8,0,0.34,1.6
411,"Wow ",1,0.8,0,0.586,1.6
437," @MartinOMalley: We must rein in Wall Street. I call on every candidate to commit to these four principles. ",1,0.2,1,0.296,1.6
444,"#GOPDebate reassured of affinity Republicans have with Kurdish militants. If elected president Jindal said he'll ""arm the Kurds"" i.e. PYD.",1,0.2,1,0.402,1.6
471,"Three best performance in the #GOPDebates (in no order), IMHO:  Carly Fiorina &amp; Ben Carson &amp; Marco Rubio.""",1,0.2,1,0.459,1.6
474," @daveanthony: Chewbacca should be up there just roaring every once in a while.  Would fit right in.  ",1,0.2,1,0.361,1.6
488," @Will_Bunch: So smart of Kasich to say, essentially, ""I hear the concerns of Trump voters except that I'm sane"" #GOPDebates",1,0.2,1,0.458,1.6
571,"@ericbolling ppl say @realDonaldTrump needs specifics. so, WHY did #GOPDebate panel give all THOSE type of questions to opponents?! RIGGED!",1,-0.2,-1,-0.588,1.6
598," @TeamMarco: Marco nailed it on abortion. We must protect life. ",1,0.2,1,0.382,1.6
501," @jjosephwilliams: 16% of United States homes with TV sets tuned in to ",1,0.2,1,0.421,1.6
291,"https://t.co/skhaS0lquB God Damn!  That's what's called a MEGA ",-1,-0.3,-1,-0.224,1.552
144,"@megynkelly  you lost alot of admirers last night.We Republicans are just going to beat ourselves, AGAIN!  #GOPDebate #DonaldTrump",-1,-0.6,0,0.176,1.552
260," @Jami_USA: If we don't hold everyone to the same standards during the #GOPDebates, what are they worth?",-1,0.4,1,0.226,1.548
48,"These fox news debates are no more than comedy at the laugh store... it's all for fun. ",-1,0.25,1,0.817,1.5
508,"I actually agree with @AndreaTantaros on something. She said @realDonaldTrump didn't hurt himself in ",1,-0.1,0,0.646,1.492
84," @P0TUS: .@realDonaldTrump &lt;--- ""Pay no attention to those pesky facts behind the curtain""#GOPDebate http://t.co/hxCUBSvTGL",-1,-0.267,-1,-0.586,1.466
354,"@LarronB overall the @GOP candidates demonstrated competence, command of the issues &amp; a shared optimistic vision. Thts what mttrs #GOPDebate",1,0.267,1,0.691,1.466
547,"How is it Hollywood can't get Dr. Doom right once and foxnews got it right 10 times last night? ",1,-0.4,0.333,0.309,1.466
19," @BradOnMessage: While you were watching the #GOPDebate, the candidate @algore endorsed for Nashville Mayor lost. badly.",-1,-0.267,-1,-0.527,1.466
236,"I hope people aren't so reality tv exposed that they only love that Paul and Christi raised voices.  ",-1,0.267,1,0.761,1.466
279," @olakunlesoriyan: FREEDOM is NOT FREE...and we MUST FIGHT for it EVERYDAY--@RealBenCarson  ",-1,0.133,-0.333,0.382,1.43
366,"Hi @RealBenCarson attend our event, Sept 26! We are in contact with campaign, pls say yes! AllAmericanRally.us  #GOPDebate - please ",1,0.2,0,0.708,1.416
536,"A debate with no losers: @GOP should be proud | http://t.co/koWXyZUI4z  ",1,0.1,0,0.707,1.414
229," @jolemo376: I think @FoxNews did everything it could to derail the @realDonaldTrump during the ",-1,-0.4,-1,-0.296,1.408
546,"@slone @realDonaldTrump We're watching their plans unfold- psych. warfare - pure &amp; simple. Games. ",1,-0.4,-1,-0.296,1.408
548,"@dan_bernstein That debate or if you can call it that was just a joke. The biggest one of all is Donald Trump. ",1,0.4,1,0.296,1.408
53,"Working on a huge #GOPDebate social data story. Some interesting trends, such as Trump not having the most tweeted-about moment last night.",-1,0.3,1,0.612,1.4
65," @wilw: Boy, I bet the mood in the clown car is going to be TENSE when these jerks leave the #GOPDebate.",-1,-0.3,-1,-0.663,1.4
78," @loribuckmajor: It's cute how Chris Christie has the Bob's Big Boy haircut ",-1,0.3,1,0.459,1.4
104," @DWStweets: Obamacare extends the solvency of Medicare and makes prescription drugs more affordable. That's the care seniors deserve. ",-1,0.3,1,0.572,1.4
195,"ALL the candidates represented a clear and superior choice to Hillary, Bernie, Elizabeth and Uncle Joe!!! #GOPDebate #teaparty #tcot #tdgn",-1,0.3,1,0.789,1.4
225,"""I think God's a pretty fair guy"" -Ben Carson, neurosurgeon, on his belief modern day taxation should be based on an ancient book#GOPDebate",-1,0.3,1,0.67,1.4
250," @Gauchat: Hopefully we'll find out where God stands on the taxing-pimps issue. ",-1,0.3,1,0.586,1.4
427,"@brianstelter care about reality! #REALITY MATTERS, NOT theories, equations, and books! #sciencenotsex #GOPDebate http://t.co/Od0I4cNkSn",1,0.3,1,0.683,1.4
496,"Yes, and Moe was the smartest Stooge#Democrats #GOPDebates @TheDemocrats https://t.co/Ucd675MRMY",1,0.3,1,0.772,1.4
582,"Cruz' closing statement may have sounded like it came from a meat market, but HUGE difference is that Cruz would actually do it. #GOPDebate",1,0.3,1,0.7,1.4
585,"Please help the Maryknoll Sisters replace windows in their convent https://t.co/fDgXG3VV13 ",1,0.3,1,0.612,1.4
8," @LindaSuhler: Jeb Stands By ""Act of Love""; Comments and Earned Legal Status [BOO]#NoAmnestyhttp://t.co/hImScrVikr#GOPDebates",-1,0.4,0,0.691,1.382
25," @LindaSuhler: Jeb Stands By ""Act of Love""; Comments and Earned Legal Status [BOO]#NoAmnestyhttp://t.co/hImScrVikr#GOPDebates",-1,0.4,0,0.691,1.382
210," @LindaSuhler: Jeb Stands By ""Act of Love""; Comments and Earned Legal Status [BOO]#NoAmnestyhttp://t.co/hImScrVikr#GOPDebates",-1,0.4,0,0.691,1.382
109," @alliebidwell: Bernie, calling out #gopdebate on lack of higher ed talk, among other issues https://t.co/27h90u6BAu",-1,-0.4,-1,-0.318,1.364
332,"I don't like @megynkelly but I will defend her from any obnoxious buffoon calling her a bimbo and insulting women. ",1,-0.2,-0.333,-0.871,1.342
92," @Joy__Hart: The morning Joe crowd is giving Fiorina a false sense of intelligence. She is Sarah Palin with lighter hair ",-1,0,0.333,0.67,1.34
101," @shannonrwatts: Thanks to #NRA influence, Congress slashed CDC funding for gun violence research #GOPDebate #gunsense",-1,-0.2,0,-0.67,1.34
447,"""People could care less if you like them, they want their civil rights""- @RaulAReyes on the topic of LGBT rights at the #GOPDebate",1,0.333,1,0.694,1.334
543,"Favorite quote of the night ""Freedom isn't free"" #GOPDebate",1,0.333,1,0.67,1.334
234,"Chris Christie and Rand Paul feud in tense national security face-off at ",-1,-0.4,-1,-0.34,1.32
329," @ScottWalker: Enforce the laws. Secure the border. Use e-verify. Prioritize the American Worker and American wages. ",1,0.4,1,0.34,1.32
347,"Who won last nights debate? It damn well better be ",1,0.067,0.5,0.718,1.302
517," @guypbenson: Good Rubio answer on immigration, invoking unfairness of system to those who play by the rules. #GOPDebate",1,0.6,0,0.649,1.298
18,"Republicans still talking about abortion like it's the 1960s. ",-1,0.4,1,0.361,1.278
70,"hadiyah: Jen Bush looks like an Art Teacher for an inner city school and everyday his car gets vandalized.  ",-1,0.4,1,0.361,1.278
181," @BOUNCE_COMIC: Black folks looking at @BenCarson2016 like... ",-1,0.4,1,0.361,1.278
197,"You see the people in the audience looking around when they clapped for Gay Rights. People were like, da fuk... #GOPDebates",-1,0.4,1,0.361,1.278
304,"After #GOPDebate #FeelTheBern can step over fallen #Hillary2016#Justice #FBI #FEC to dissect too of 22nd Amendment: http://t.co/4ljEUG3gyE?",1,-0.4,-1,-0.361,1.278
473,"@notaxation Thank you for your thoughts on the ",1,0.4,1,0.361,1.278
494,"#GOPDebate When they all stand on stage together,it looks like a @realDonaldTrump cabinet meeting.",1,0.4,1,0.361,1.278
555," @NotBillWalton: That was the greatest SNL sketch of all-time. ",1,0.6,0,0.637,1.274
113,"#GOPDebates : better than the Phantom Menace, but worse than Revenge of the Sith.",-1,-0.25,-0.5,-0.872,1.244
338,"The mainstream media wants to limit our options to establishment puppets. We know who won! ",1,0.6,0,0.611,1.222
270,"Trump: Banks aren't babies. They are killers. Hell yes I got away from bad deals, and I can make the USA a scofflaw too! #GOPdebates",-1,-0.4,-1,-0.9,1.2
3," @thatsmylobster: @Wiseguysutah hey, is Donald Trump coming to Wiseguys anytime soon? I'd like advance tickets. #GOPDebate",-1,0.4,1,0.421,1.2
5,"How dare @megynkelly ask @realDonaldTrump his history of being a male chauvinist! Do we expect our president to have integrity?! ",-1,0.4,1,0.491,1.2
7,"What ever happened to the answers to how they were gonna take care of vets? ",-1,0.4,1,0.494,1.2
12,"Let's change the racist usage of the word articulate to describe Republicans who are well spoken. ",-1,-0.6,0,-0.44,1.2
29,"That about sums it up haha: 2016 bender starts now ",-1,0.6,0,0.459,1.2
31,"Dear Internet, can we start #trumping as a thing? Did I make a thing? #trumping #Trump #GOPDebate http://t.co/MI35fDFFmy",-1,0.4,1,0.452,1.2
44," @juliaioffe: An elegant, witty round-up of last night's #GOPDebate by @tnyCloseRead http://t.co/cW0rAc9wQh",-1,0.4,1,0.477,1.2
50,"showed serious differences in approaches to the world &amp; problems within the GOP, and more importantly, the #GOPDebates showed off the crazy.",-1,-0.4,-1,-0.423,1.2
52,"Could the ""pundits"" be wrong? They usually are! http://t.co/NB3btm8FFd #GOPDebate #DeBaitandSwith #iTalkUS #WakeUpAmerica",-1,-0.4,-1,-0.525,1.2
80," @pfikac: .@JebBush 'We are on the verge of the greatest time to be alive in this world but Washington is holding us back' ",-1,0.4,1,0.527,1.2
110," @Just_JDreaming: ""Listen...I AM REAGEN YOU FOOLS""  - Donald Trump #GOPDebates",-1,-0.4,-1,-0.604,1.2
116,"True https://t.co/lciPAyBJZ9 ",-1,0.4,1,0.421,1.2
117,"Now Ben Carson wants to try and be interesting.  ",-1,0.4,1,0.402,1.2
118," @_HankRearden: Trump haters seem especially mad today. I wonder why lol? Whiny little bitches should get over it. ",-1,-0.4,-1,-0.788,1.2
120,"We can do better ",-1,0.4,1,0.44,1.2
123,"After the #GOPDebate, if I were a Republican I'd get behind the smartest, most electable person in the room and draft @megynkelly for Prez!",-1,0.4,1,0.648,1.2
126,"Steps to help you understand #KKKorGOP: 1) define rhetoric, 2) consume #GOPDebate rhetoric, 3) spot similarities. https://t.co/lkuHW2NRXs",-1,0.4,1,0.402,1.2
156,"@TheDailyShow Jon Stewart can feel comfortable w/retirement as ",-1,0.4,1,0.511,1.2
169,"Mike Huckabee and Bartles &amp; Jaymes would like to thank you for your support. ",-1,0.4,1,0.772,1.2
174," @MakinH15TORY: Lol @ Trump ",-1,0.6,0,0.519,1.2
187,"I can't help but think Dr. Carson has been hoping his ""Gifted Hands"" can make a way for his flailing mouth. #GOPDebates",-1,0.4,1,0.472,1.2
204," @MarkDavis: #Perry, #Fiorina clips on #IranDeal are better than most answers being given in this debate #GOPDebates",-1,0.4,1,0.44,1.2
238,"@Marisol_Bello @LindseyGrahamSC @etammykim @rhondalevaldo Thanks for this source on Dodd-Frank. ",-1,0.4,1,0.44,1.2
244,"Fox Debate commentators should be ashamed for the way they've treated Trump! ",-1,-0.4,-1,-0.525,1.2
261," @laurenreeves: ""Stay tuned for closing statements, final thoughts, and God."" And then I turned off the TV, I'm good. #GOPDebates",-1,0.4,1,0.612,1.2
263," @lizadonnelly: I put pearls on Jeb! because he looks like his mom. I drew the ",-1,0.4,1,0.42,1.2
266," @HayesBrown: Fact: Before Jeb was governor, Florida was run by a death cult. #GOPDebate",-1,-0.4,-1,-0.599,1.2
281,"""When you find mush, you push""  We agree with Jack from @AandGShow about that being a great motto in life! (from last night's #GOPDebate)",-1,0.4,1,0.784,1.2
310," @SupermanHotMale: Dear John Kasich, Beat your Republican friends with a gay tree branch : )  #GopDebates",1,0.4,1,0.691,1.2
317," @MarkDavis: #Perry, #Fiorina clips on #IranDeal are better than most answers being given in this debate #GOPDebates",1,0.4,1,0.44,1.2
318," @Wilberforce91: One of my favorite things about the ",1,0.4,1,0.459,1.2
323," @ggfletcher: Trump's big beautiful door: ",1,0.4,1,0.599,1.2
327,"During #FoxNews' #GOPDebate, #MegynKelly was suffering from delusions that she was a #Minnesota dentist, and #DonaldTrump was #CecilTheLion.",1,-0.4,-1,-0.477,1.2
331," @RWSurferGirl: Why should @realDonaldTrump pledge support to the GOP when the establishment sold out to Obama? ",1,0.4,1,0.402,1.2
333," @MolonLabe1776us: Retweet if you think @HillaryClinton should be in PRISON. ",1,-0.4,-1,-0.617,1.2
336,"Vote for me: Its the greatest time to be alive and I dont know when the primary is - Jeb Bush ",1,0.4,1,0.778,1.2
340,"Great article about the craziness that was last night's ",1,0.6,0,0.361,1.2
344,"Support 1 U like ",1,0.4,1,0.637,1.2
351,"How sweet. @ChrisChristie has family who served. What does anything he is saying have to do with veterans? ",1,0.4,1,0.459,1.2
355,"Look at Jeb coming through with throwing GWB under the bus about the Iraq War. He needs to do this more often. ",1,-0.4,-1,-0.599,1.2
371,"Which candidate really likes hugs? The one word that defined each one's ",1,0.4,1,0.763,1.2
382,"The Donald, in spite of megyn kelly, won the debate,#GOPDebate",1,0.6,0,0.077,1.2
388," @Wilberforce91: One of my favorite things about the ",1,0.4,1,0.459,1.2
396,"Now that the dust is settling from last night, it's becoming clear that #JohnKasich won and helped himself the most. #GOPDebate #2016",1,0.4,1,0.743,1.2
421,"Democrats have to be LOVING the ",1,0.4,1,0.684,1.2
461," @someecards: 16 of the funniest reactions to last night's inadvertently hilarious GOP debate. http://t.co/nKWjLscECM ",1,0.4,1,0.743,1.2
490,"Thanks @EAT24 and Donald Trump! Just got a Pepperoni Roll &amp; a root beer for $7.50 + tip. ",1,0.4,1,0.493,1.2
502,"Omg!!! Favorite thing. ",1,0.4,1,0.596,1.2
509," @RWSurferGirl: Why should @realDonaldTrump pledge support to the GOP when the establishment sold out to Obama? ",1,0.4,1,0.402,1.2
518,"Seems like supporting same sex marriage is actually popular with Republicans ",1,0.4,1,0.802,1.2
532," @lovablegold: This got me crying ",1,-0.4,-1,-0.477,1.2
551,"Glad to see that Jesus got a shout-out at las night's debate. Them candidates were pushing the envelope.#GOPDebate",1,0.4,1,0.459,1.2
565," @GovMikeHuckabee: Let's take America from Hope to Higher Ground. Will you help? --&gt; http://t.co/tky8Smc27y ",1,0.4,1,0.772,1.2
576,"Watched the #GOPDebate, but kept thinking, ""This is the real answer 2 America's problems!"" #seekweek15 @LifeAction  https://t.co/DJcj7BHGZb",1,-0.4,-1,-0.592,1.2
257,"Damn... I'd turn Republican for this. ",-1,-0.8,-1,-0.402,1.196
588,"Kind of glad I didn't get to watch the ",1,0.5,1,0.403,1.194
573,"@FrankLuntz @megynkelly your ""focus group"" was a joke! Your takedown attempt of #Trump2016 was a huge fail! Trump won #GOPDebate easily!",1,0.2,0.5,0.789,1.178
248,"The answer to the most important question of the #GOPDebate is yes, Joe Flacco is, in fact, an elite quarterback. #RavensNation",-1,0.3,0,0.585,1.17
286,".@CorrectRecord @HillaryClinton FOX/GOP Party Hunger Games-Demagog Food-fighter @CarlyFiorina#GOPDebate #morningjoe http://t.co/ygMGbAvqut",-1,-0.4,0,0.178,1.156
122,"People promote &amp; encourage an 8-year-old boy to be in a gay pride parade, but Trump can't say the word ""disgusting animal."" #GOPDebate #PC",-1,0,0.333,-0.238,1.142
32," @BethBehrs: Classy. ",-1,0.6,1,0.44,1.12
58," @BethBehrs: Classy. ",-1,0.6,1,0.44,1.12
93," @BethBehrs: Classy. ",-1,0.6,1,0.44,1.12
96,"Who hates women the most? GO. ",-1,-0.6,-1,-0.44,1.12
222,"Oh good lord... ",-1,0.6,1,0.44,1.12
460,"I thought #GOPDebate was good, despite @realDonaldTrump grandstanding. @BenCarson2016 really brought logic to back to the campaign table.",1,0.6,1,0.44,1.12
480," @BethBehrs: Classy. ",1,0.6,1,0.44,1.12
533,"Oh race issues, this should be good. #GOPDebates",1,0.6,1,0.44,1.12
557," @LollyOhMy: Good thing ",1,0.6,1,0.44,1.12
410," @BiasedGirl: Thank you, @megynkelly for exposing Donald Trump as the fraud he is. Thank You. #GOPDebate #DumpTrump",1,-0.05,0.333,-0.226,1.118
528,"Oh gurrrrrlll!  :D ",1,0,0,0.556,1.112
514,"Cruz:  New Sheriff in town.  Nice summary.  He cherishes freedom - your freedom.  ",1,0.45,1,0.937,1.1
178," @TheBaxterBean: 5 Things Rand Paul's Kentucky Could've Spent $73M On Instead of a Fake Noah's Ark http://t.co/s1gkhSY1Bf ",-1,-0.6,-1,-0.477,1.046
363,"Rubio actually answering a question about immigration. Color me impressed ",1,0.6,1,0.477,1.046
51," @HRC: The fact is @RandPaul has staked out a consistent record against equality. Learn more http://t.co/xHYjH1FJfk ",-1,0,0.5,0,1
85," @TeaPainUSA: Marco Rubio: ""Why vote for someone successful like Hillary Clinton when you can vote for me?"" #GOPDebate",-1,0.5,1,0.743,1
186,"@whitemamba23 100%!!! Hilary hanging with Kimye and Trump is dead center at #GOPDebates but a 3rd party is ""stupid""??",-1,-0.5,-1,-0.713,1
373,"#Trump2016 #GOPDebate The Illuminati want him out, but he will win the same http://t.co/2kVlxWB9Kd http://t.co/zyCvnY4NOq",1,0.5,1,0.747,1
378,".@brithume: ""I think we have a clear winner ... Carly Fiorina"" #GOPDebate #Carly2016 https://t.co/3JmYdIdcdf",1,0.5,1,0.751,1
390,"Clear winner from last nights ",1,0.5,1,0.751,1
392,"@JohnKasich be like: ""If you turn out to be gay I'll still love you even if your daddy @tedcruz doesn't."" #GOPDebate https://t.co/tTBHqIKPM8",1,0.5,1,0.772,1
465," @TheBaxterBean: Rand Paul On Video Admitting He Opposed 1964 Civil Rights Act https://t.co/qzBAzMV7Iz ",1,0,0.5,0,1
497,"Politics Nerd Moment: On vacation. Lost my chill when I looked up @ the bar TV to see I was missing the ",1,-0.5,-1,-0.691,1
285," @AnniesListTX: 44%? It's what TX Latina women make to the white man's $. Will the ",-1,0,0,0.499,0.998
476,"@realDonaldTrump can insult everyone &amp; call them stupid but then cries at @megynkelly tough but fair questions.",1,-0.2,-0.6,-0.691,0.982
200,"@PoliSciUMN did Ted Cruz just misspeak when he said during his closing statement that he would ""persecute religious liberty?"" #GOPDebate",-1,-0.4,-0.333,0.077,0.954
163," @dhniels: You know who @ChrisChristie was giving hugs to? THE FAMILIES OF PEARL HARBOR VICTIMS ",-1,-0.1,0,0.375,0.95
360,"This is an amazing degree of commitment to a running joke http://t.co/VpxxlxEvHi ",1,0.533,1,0.822,0.934
127,"Interest take on the aftermath of the first 2016 #GOPDebateWe're actually talking about who &amp; when a candidate looked presidential @cspanwj",-1,0.2,0,0.459,0.918
211,"It's fascinating to see the post-post ",-1,0.6,1,0.542,0.916
566,"Fuck ya Donald Trump you rocked ",1,-0.8,-1,-0.542,0.916
590,"Did @realDonaldTrump ever tell @megynkelly to go wait in the car? Her bad attitude suggests it. ",1,-0.6,-1,-0.542,0.916
161,"Boy, it'll be so awesome when President Trump calls Angel Merkel a ""bimbo"". He's so cool. #GOPDebate #Trump2016",-1,0.5,0.333,0.79,0.914
430," @politicoroger: Trump: ""Our leaders are stupid; our politicians are stupid. The Mexican government is much smarter."" #GOPDebate",1,-0.133,-0.333,-0.586,0.906
160," @michaelsnook: I can't wait for the meme about Donald Trump's beautiful, classy door at the border. #GOPDebate",-1,0.6,0.333,0.778,0.89
300,"@HalftimeReport the smartest people sound like drunk uncles when limited to 140characters ",-1,0.05,0.2,0.494,0.888
357,"It's way more fun being in America watching the ",1,0.8,1,0.556,0.888
273,"Media continues to praise last night's Fox News hit job on specific candidates: http://t.co/qD3LBg4vDF ",-1,0.6,1,0.557,0.886
341," @EusebiaAq: @sternnschool Who's the real illegal alien ",1,-0.6,-1,-0.557,0.886
251,"What is ""the Alinsky model, takingadvantage of useful idiots"" #GOPDEBATES #BenCarson",-1,0.4,0,0.44,0.88
589," @PhillyD: Aggressively Normal?  Found a name for my new mixtape!!  ",1,0,0,-0.437,0.874
353,"@slone @instapundit There are actually people angry that the candidates were asked real questions?  Seriously?#GOPDebate",1,-0.6,-1,-0.566,0.868
552,"@pondering_this @CarlyFiorina I had &amp; was very impressed w/her last pm. She took the entire night! Both ",1,0.6,1,0.57,0.86
114,"zoegberg:  sarahkendzior: Can't believe people are writing real articles about who won ",-1,0.6,1,0.572,0.856
142," @mikandynothem: Carly Fiorina may have just won this debate with one video clip.#GOPDebate",-1,0.6,1,0.572,0.856
207,"@AlPal_23 wins snapchat ",-1,0.8,1,0.572,0.856
220,"The perfect remedy for a ",-1,0.6,1,0.572,0.856
288,"The American people won the ",-1,0.6,1,0.572,0.856
292,"Fox News just declared that Megyn Kelly, Bret Baier, and Chris Wallace won tonight's debate. #GOPDebates",-1,0.6,1,0.572,0.856
206,"Finally talking about race 100 min. In and CUT TO COMMERCIAL ",-1,-0.2,0,-0.428,0.856
414," @mjtbaum: GOD is making an appearance at the ",1,0.2,0,0.428,0.856
472," @JbthomJohn: Last night's #GOPDebate: what topics merited attention, and which were ignored #GOPtbt http://t.co/tQXw14qzZB",1,-0.4,0,0.026,0.852
241,"I assume you guys didn't boo a gay soldier this time only because the opportunity didn't arise. ",-1,0.4,0,0.421,0.842
391," @Montel_Williams: Gaining the most in tonight's ",1,0.4,0,0.421,0.842
383,"The real winners in the #GOPDebate were the Jr. Debaters, who came across as far more intelligent than the brawling children later on.",1,0.4,0.333,0.75,0.834
90," @JimmyJames38: Flat tax for the win ",-1,0.8,1,0.586,0.828
242," @ThePatriot143: My winner overall of today's ",-1,0.8,1,0.586,0.828
375,"If anything I would say the real winner of the ",1,0.8,1,0.586,0.828
401," @SupermanHotMale: And the winner is... The Koch Brothers ",1,0.8,1,0.586,0.828
419," @warriorwoman91: Carly Declared Winner by Many at the first ",1,0.8,1,0.586,0.828
544," @COHealthAccess: The biggest winner at the Republican debate was ",1,0.8,1,0.586,0.828
14,"#GOPDebate Winners yesterday: Carly, Ben Carson, Marco Rubio, and, sadly, big gov't Mike Huckabee. Can Carly knock Christie off the stage?",-1,-0.1,-0.333,0.077,0.82
214,"Our democracy remains in dire straits cause it aint working as long as they get money for nothing and we get dicks for free ",-1,-0.2,-0.333,0.077,0.82
175,"I wish the ",-1,0.2,0,0.402,0.804
190,"Watching the republican party implode from within is magical. ",-1,0,0,0.402,0.804
239," @RWSurferGirl: A big problem facing Democrats will be how to get Hillary sober long enough for her to debate? ",-1,-0.1,0,-0.402,0.804
439,"@kvlxi19xx Yes he does and never claimed that he would do that.#DUH #DonaldTrump  #GOPDebates",1,0.2,0,0.402,0.804
572,"I'm interested to see if Carly Fiorina, Ben Carson and Mike Huckabee pick up steam.  Everyone came out unscathed in these #GOPDebates",1,0.4,0,0.402,0.804
246,"Language is beautiful http://t.co/GFyTi5ilVC ",-1,0.6,1,0.599,0.802
326,"Loved @BillHemmer and @marthamaccallum Ditch Kelly &amp; Wallace sideshow railroad. ",1,0.6,1,0.599,0.802
384,"It's a beautiful night in ",1,0.6,1,0.599,0.802
20,"@CarlyFiorina GO CARLY! Matthews is an asshat!! Nice job! ",-1,0.6,1,0.608,0.8
26," @ctblogger: This image best sums up my thoughts regarding last night's ",-1,0.6,1,0.637,0.8
54,"Best thing about the ",-1,0.6,1,0.637,0.8
59,"Rubio-Backed Insurance Market ""Covers 80 People"" -Obamacare Covers 1.6M in FL Alone http://t.co/WHgciD8Ee7 #GOPDebate http://t.co/Y1AWqcPfNW",-1,-0.4,0,-0.25,0.8
71,"He's a great business man, but would Donald Trump make a good President? #donaldtrump #trump #gopdebate... http://t.co/tByO1WWvIs",-1,0.6,1,0.751,0.8
95,"@MEGANKELLYTrump should have said, ""Megyn, ask these nine candidates, if they plan to support ME when I win the nomination.""#GOPDebates",-1,0.6,1,0.758,0.8
128," @jamiaw: ""The purpose of the military is to kill people and break things""-Mike Huckabee #GOPDebates #KKKorGOP",-1,-0.6,-1,-0.691,0.8
136,"@FoxNews @realDonaldTrump best line of the night ",-1,0.6,1,0.637,0.8
141,"A Foxy, Rowdy Republican Debate. At least @RealBenCarson could understand it &amp; get best advise available. #GOPDebate http://t.co/rRqNTAAK3X",-1,0.6,1,0.637,0.8
176," @NARAL: .@BobbyJindal brags about how anti-choice his state is; @amprog report in 2013 said Louisiana was WORST state for women. ",-1,-0.6,-1,-0.703,0.8
212," @Wolfofwarrenst: Just in case you missed the ",-1,-0.4,0,-0.296,0.8
262,"REMINDER: Family is important to Republican 2016 candidates, just not gay families. http://t.co/Cs0UsasSQS #GOPDebate http://t.co/FmafDUbmfb",-1,0.4,0,0.202,0.8
268," @NYCdeb8tr: @redsteeze @dalestokely Megyn Kelly was so over the top, I thought she would announce her candidacy last night. #GOPDebates",-1,0.4,0,0.265,0.8
275," @mette_mariek: Donald Trump is @eddiepepitone's best character ever. ",-1,0.6,1,0.637,0.8
278," @jennrios1191: @BretBaier is by far the best moderator tonight. Hands down. ",-1,0.6,1,0.637,0.8
305," @kwrcrow: Dr. Carson remark on DC having half a brain, best line #GOPDebates.",1,0.6,1,0.637,0.8
306,"Everybody loves Carly the Cinderella. Compared with the dwarfs at the other table, she was the afternoon delight. #gopdebate",1,0.6,1,0.822,0.8
313,"Best line of the night?#MarcoRubio #GOPDebate http://t.co/zhnqHDPILn",1,0.6,1,0.637,0.8
314," @MelissaGracey: Credit for this joke goes to someone else but it is funny! ",1,0.6,1,0.761,0.8
319,"Total #SmackDown DC having half a brain, best line #GOPDebates.#WORD to your Muther @OneToughMutherK",1,0.6,1,0.637,0.8
350," @PhillyD: I went to a gay wedding. ""Applause""And there were black people there too!""Standing ovation""#GOPDebate",1,0.4,0,0,0.8
364,"We need to put someone to debate against HRC like @marcorubio. -@JedediahBila on ",1,0.4,0,0.361,0.8
365,"Montel Williams Just Endorsed John Kasich For President.#GOPDebate http://t.co/eZ9yL3UXXs",1,0.4,0,0.25,0.8
381," @NRO: If you missed the first few minutes of last night's ",1,-0.4,0,-0.296,0.8
404," @kwrcrow: Dr. Carson remark on DC having half a brain, best line #GOPDebates.",1,0.6,1,0.637,0.8
407," @NARAL: ""@scottwalker, given your record in Wisconsin, why should voters believe you?"" Great question, #GOPDebate.",1,0.6,1,0.625,0.8
436," @becca0mae: I don't know who won the debate, but @Writeintrump definitely won the award for ""best #GOPDebate live tweeting""",1,0.6,1,0.965,0.8
462,"Miss one or both of the ",1,-0.4,0,-0.153,0.8
466," @tramontela: More great coverage @WKSU @MLSchultze http://t.co/BryjH5EPif @MonchosBarCLE @montoyaisabelc ",1,0.6,1,0.659,0.8
468," @alexandergold: Kim Kardashian and Kanye West's selfie with Hillary Clinton is more important than anything said at the ",1,0.4,0,0.272,0.8
478,"Props to @FoxNews for the GREAT questions.  @megynkelly @BretBaier @FoxNewsSunday ",1,0.6,1,0.703,0.8
491,"""The purpose of the military is to kill people and break things"" @GovMikeHuckabee #GOPDebates  might be the quote of the night",1,-0.6,-1,-0.691,0.8
516," @patriotmom61: Best moment of ",1,0.6,1,0.637,0.8
525,"2 drinks -#Trump said ""great, great."" #GOPDebates",1,0.6,1,0.848,0.8
530,"Not Usually In To Politics...But This Is Good Entertainment ",1,0.6,1,0.691,0.8
534,"BWAHAHA!! Love this ",1,0.6,1,0.786,0.8
542,"Best ""reality"" show on earth #GOPDebate",1,0.6,1,0.637,0.8
549,"Love when the ",1,0.6,1,0.637,0.8
587,".@PFTCommenter's national recognition (&amp; hair) is the best thing to come out of the ",1,0.6,1,0.637,0.8
433," @OnceUponALiz: I'm about as Bernie Sanders as they come, but my god, HOW is Marco Rubio not ahead of his race by 40+ points? #GOPDebates",1,0.2,0,0.392,0.784
380,"Kasich the clear standout among ",1,0.2,0,0.382,0.764
343," @LiberalMmama: I watched the #GOPDebate and all I can say is Pres Obama was right,he WOULD win again! #FourMoreYears",1,0.8,1,0.624,0.752
171," @larryelder: Worse than an unprepared candidate is blind support for one. I was pulling for ",-1,-0.133,-0.5,-0.477,0.734
56,"Thx to @FlashReport For the ink. #POTUS #GOPDebate @Brietbart http://t.co/VtZMLUJRQi",-1,0,0,0.361,0.722
183," @climatebrad: .@JebBush's Million-Dollar Donors, updated thx to @zachmider http://t.co/K3BcdnUTM0 #GOPDebate http://t.co/qdiwcwNQY0",-1,0,0,0.361,0.722
64,"This is so f*%king entertaining it should be ILLEGAL! ",-1,-0.1,0,-0.35,0.7
560,"Omg @megynkelly! I am not a Fox News fan and not a Clinton fan.. But she did an amazing job last night, impressed with her qs. #GOPDebate",1,0.65,1,0.896,0.7
218," @_HankRearden: John Sinunu, who wrote a book about Jeb's dad, doesn't like Trump. What a fucking shock. #GOPDebate",-1,-0.267,-0.333,-0.613,0.692
412,"Megyn Kelly played footies with Debbie Washerwoman Schultz. She attempted to take out Donald Trump. #Foxnews#Gopdebate",1,0,0,0.34,0.68
475," @AgainstCronyCap: Fiorina calls Trump out for giving to Hillary's Senate run http://t.co/huTOQZGYud ",1,0,0,0.34,0.68
579," @megynkelly: .@realDonaldTrump on giving to ",1,0,0,0.34,0.68
43,"#GOPDebate was hugely entertaining. Sadly, we learned almost nothing http://t.co/1Gt4LrEePO #tcot #LatinosListen #latism",-1,0,0.333,0.03,0.666
235,"It's Huge... It's a F",-1,0.2,0,0.318,0.636
526,"@NPR and I'm sure Immigrant Song came up ",1,0,0,0.318,0.636
540,"EXCELLENT .@michellemalkin WOW ",1,0.7,1,0.874,0.6
37," @Guzman: Top 3 #Republican priorities:1:  Gays2:  Whitehouse white again3:  Jesus #GOPDebate",-1,0.3,0,0.202,0.6
81," @NASCARNAC: Funny to see so many calling to avoid watching @FOXNews I've been saying this for a DECADE. ",-1,0.3,0,0.178,0.6
182," @KEEMSTARx: The black guy is smart as fuck! ",-1,-0.3,0,-0.271,0.6
35," @GOPendejos: An HOUR in and STILL No mention of ",-1,-0.2,0,-0.296,0.592
424," @lowrancc: ""We're borrowing $1M a minute. It's gotta stop somewhere."" #StandWithRand #GOPDebate http://t.co/s7ukcFcEfB",1,-0.2,0,-0.296,0.592
459,"Tea4TeXs:  CNN: No one eclipses realDonaldTrump at ",1,-0.2,0,-0.296,0.592
166,"To start th evening, RNC moderators dropped Atom Bomb on #Trump ...Trump kicked it thru th uprights #GOPDebate #GOPDebates@washingtonpost",-1,-0.2,-0.333,-0.494,0.588
342,"In honor of last night's #GOPDebate, I'd like to add an exclamation point to the end of my name, and maybe get it put on Jeb! vanity plate.",1,0.4,0.333,0.624,0.582
296," @RWSurferGirl: I'm really really really pissed off at FOX News for what they did to @realDonaldTrump ",-1,-0.8,-1,-0.721,0.558
295," @Andrew_Marcinko: Here's a FB photo of the guy who asked whether the candidates had spoken to God at ",-1,0.2,0,0.273,0.546
498," @americansunited: Blog: God made a cameo appearance in last night's ",1,0.2,0,0.273,0.546
511," @kavithadavidson: I will totally stay tuned for god, Megyn. #GOPDebate",1,0.2,0,0.273,0.546
98,"And...#DonaldTrump remains at the top of the polls! Boo what is wrong with people! #Kasich2016 did well. #GOPDebate ""fat pig"", women..NO",-1,-0.067,-0.333,-0.198,0.532
77,"Cancelled ",-1,-0.2,0,-0.25,0.5
312," @CarlyFiorina: Talked with @ijreview about my pre-debate ritual. I take Solitaire very seriously. https://t.co/O7UJL56NM7 ",1,0,0,-0.248,0.496
418," @Disruptepreneur: Wow. My primary source of entertainment for the next six months has been cemented. ",1,0.8,1,0.765,0.47
309,"#GOPDebate I loved Walker nodding along to Carson's responses. Carson speaks common sense, sadly that is an uncommon trait.",1,0.1,0.333,0.273,0.466
562,"You hear that, GOP candidates? Kasich said God wants America to succeed.  Too bad some of you, at least, wanted America to fail! #GOPDebates",1,-0.267,-0.5,-0.457,0.466
422," @OhNoSheTwitnt: I'm surprised Trump doesn't use air quotes when he says ""president"" Obama. #GOPDebate",1,0,0,0.226,0.452
303,"Watching the #GOPdebates Interesting so far! Must say though I disagree with Trump on many issues, he is the most entertaining of the bunch.",1,0.4,0.333,0.555,0.444
538,"best part of #GOPDebate -@realDonaldTrump telling @megynkelly ""we aint cool for real &amp; i dont have to be nice to yo ass""",1,0.15,0.333,0.369,0.438
162,"How's this for an accurate description of our system? https://t.co/E68Hblfc2G. The #GOPDebate illustrated this in a wonderful, scary fashion",-1,0.2,0.333,0.128,0.41
6," @pulmyears: Official photo from the big #FoxNews #GOPDebate last night: http://t.co/uaiB1M8ekC#teaparty @socalimilitia1 @donkeyarguing",-1,0.2,0,0,0.4
208," @2DOPEANTIBHVR: so u want us to build a wall ",-1,0.2,0,0.148,0.4
253,"#GOPDebate ""We got nothing. And Iran gets everything they want."" @GovMikeHuckabee #MarshaMarshaMarsha",-1,0.2,0,0.077,0.4
256,"Why do you want people at your wedding whose presence has to be commanded? @realDonaldTrump  @TMP  ",-1,0.2,0,0.077,0.4
265," @BettyFckinWhite: -Can you answer this very direct question?-I should be president. -So, no?#GOPDebates",-1,-0.2,0,0,0.4
368,"@realDonaldTrump to primary voters: ""Your chances look good for the general election. It'd be a shame if something happened..."" #GOPDebate",1,0.2,0,0.153,0.4
432," @megynkelly: .@RandPaul I want to collect more records from terrorists, but less records from innocent Americans #GOPDebate",1,0.2,0,0.045,0.4
445," @nonprophetess: ""Received word from God.""This should be good.#GOPDebate",1,0.2,0,0,0.4
515,"I want what Rand Paul is having ",1,0.2,0,0.077,0.4
531," @BettyFckinWhite: -Can you answer this very direct question?-I should be president. -So, no?#GOPDebates",1,-0.2,0,0,0.4
188," @kwrcrow: When will they learn? @FoxNews @megynkelly attack @realDonaldTrump and he wins @TIME &amp; @DRUDGE poll. ",-1,0.3,0.333,0.153,0.36
374," @kwrcrow: When will they learn? @FoxNews @megynkelly attack @realDonaldTrump and he wins @TIME &amp; @DRUDGE poll. ",1,0.3,0.333,0.153,0.36
394," @kwrcrow: When will they learn? @FoxNews @megynkelly attack @realDonaldTrump and he wins @TIME &amp; @DRUDGE poll. ",1,0.3,0.333,0.153,0.36
252," @jordanadolph: same. seriously though. ",-1,0,0,-0.178,0.356
57," @TexasForBernie: Stand w @BernieSanders against extremist GOP that feeds on violating fundamental rights ",-1,-0.4,-0.5,-0.542,0.284
561,".@realDonaldTrump totally dominates @DRUDGE_REPO and @TIME ",1,0,0,0.126,0.252
75,"GOP Debate News - Trump Shocks GOP Faithful http://t.co/T0k3oOKwM0  ",-1,0.1,0,0.077,0.2
153,"GOP Debate News - Trump Shocks GOP Faithful http://t.co/H5XBIbvgST  ",-1,0.1,0,0.077,0.2
264,"GOP Debate News - Trump Shocks GOP Faithful - http://t.co/v4wnjcy9Sw - ",-1,0.1,0,0.077,0.2
170,"@RandPaul didn't defend the 4th amendment too eloquently last night but this article is a good mediator http://t.co/VLt68ymse2 ",-1,0.6,0.5,0.593,0.2
134," @brock_a_r: I wonder which candidate is going to be the first to accidentally call Ben Carson ""the help"" #GOPDebates",-1,0,0,0.077,0.154
451," @mercedesschlapp: In terms of substance, @JebBush dominates #GOPdebates",1,0,0,0.052,0.104
467," @ChadPergram: Cruz: We need a commander in chief who makes clear if you join ISIS, then you are signing your death warrant. #GOPDebate",1,0,0,-0.026,0.052
4,"nobamanoway: https://t.co/M2zI6acgnO  AnneBayefsky: .GovMikeHuckabee: ",-1,0,0,0,0
9,"Are going to go through every candidate's relatives' resumes??? ",-1,0,0,0,0
10," @JohnKasich: Hey @RealDonaldTrump, if you're still looking to chip in, check out http://t.co/dy8KnZ122T#GOPDebate",-1,0,0,0,0
11,"WFIE 14 NEWS ARE U GOING TO REPO NEWS AFFECT'N OUR NATION? https://t.co/bdXB2VkyQw via @YouTube @RealAlexJones ",-1,0,0,0,0
15," @TPEquality: Gay rights opponent Rick Santorum says during ",-1,0,0,0,0
16,"The closed captioning for the ",-1,0,0,0,0
17," @monaeltahawy: Can someone send this to ",-1,0,0,0,0
24," @SalMasekela: That moment you realize you're watching Fox News and your not in handcuffs. ",-1,0,0,0,0
27," @goldietaylor: Closing statements! ",-1,0,0,0,0
28,"It's fitting that today is ",-1,0,0,0,0
30," @RWSurferGirl: So @megynkelly posed for adult pictures.should we bring that up? ",-1,0,0,0,0
33,"@FreeAmerican100 @LibertarianWing @RandPaul @RonPaul ",-1,0,0,0,0
34,"sydtrvp:  BernieSanders: Oh. It was just a movie trailer. ",-1,0,0,0,0
36," @GhesheS: ",-1,0,0,0,0
39,"hey look- the ",-1,0,0,0,0
40," @johneberkowitz: This sums up the ",-1,0,0,0,0
42," @mydaughtersarmy: 4 different pictures. 4 different subjects. 1 very obvious similarity. #GOPDebate http://t.co/N2yIXEoKoW",-1,0,0,0,0
55," @shannonrwatts: The ",-1,0,0,0,0
61," @ericstonestreet: Trump has Cam hands. ",-1,0,0,0,0
63,"It's obvious he got to #megynkelly - Rupert Murdoch Wants Fox To 'Back Off The #Trump Coverage http://t.co/Ao0zZFzEp1#Trump2016 #GOPDebate",-1,0,0,0,0
66," @BettyFckinWhite: So Donald Trump is Biff from Back to the Future 2? ",-1,0,0,0,0
67," @BettyFckinWhite: So Donald Trump is Biff from Back to the Future 2? ",-1,0,0,0,0
72," @darth: so apparently the candidates are arriving at the debate site#GOPDebate http://t.co/GeXsjxrct3",-1,0,0,0,0
73," @Jackie_Pepper: ",-1,0,0,0,0
74," @BettyFckinWhite: So Donald Trump is Biff from Back to the Future 2? ",-1,0,0,0,0
76," @Wendie07: ",-1,0,0,0,0
82," @ShunStrickland: When people tell you who they are, believe them. #GOPDebate",-1,0,0,0,0
86," @ericstonestreet: Trump has Cam hands. ",-1,0,0,0,0
87,"Twitter hype ranks down GOP 60min:1 Kasich -32 Santorum -13 Bush -1#GOPDebatehttps://t.co/F687D6Objl#potus2016",-1,0,0,0,0
88,"@GovernorPerry Who the heck is Ronald Raven? ",-1,0,0,0,0
89,"I know someone has the finalized amount of time each candidate had to speak, send it to me pls!#GOPDebate",-1,0,0,0,0
102," @ncsr18: Muppet show. ",-1,0,0,0,0
103,"I took the temperature of DC's bars for all you who watched the ",-1,0,0,0,0
105," @goldietaylor: Huckabee. ",-1,0,0,0,0
107," @ThePatriot143: Hey @Foxnews can you let us Rep digest the ",-1,0,0,0,0
108," @kayleymelissa: ",-1,0,0,0,0
111," @usedtobgop: I don't know about anyone else but think last night ",-1,0,0,0,0
115,"I've never seen a larger collection of nimrods on one stage. ",-1,0,0,0,0
119,"Africa got ppl  ' &amp; DL' ",-1,0,0,0,0
121," @YoungBLKRepub: Only Rosie O'Donnell. ",-1,0,0,0,0
124,"@CBSMiami ",-1,0,0,0,0
129," @ericstonestreet: Trump has Cam hands. ",-1,0,0,0,0
130," @BettyFckinWhite: So Donald Trump is Biff from Back to the Future 2? ",-1,0,0,0,0
133," @goldietaylor: Commercial break! ",-1,0,0,0,0
135," @FoxNewsMom: I'm psychic.#GOPDebates http://t.co/WxAF0QVhI5",-1,0,0,0,0
137," @nvr2conservativ: ",-1,0,0,0,0
140," @TheVGBlog: ",-1,0,0,0,0
143," @dragswolf: We should have built that wall in 1491. ",-1,0,0,0,0
147," @ericstonestreet: Trump has Cam hands. ",-1,0,0,0,0
150," @FreedomJames7: Trump Is A RINO.#GOPDebate http://t.co/eW7bPOqD5B",-1,0,0,0,0
152," @HillaryClinton: Watch the ",-1,0,0,0,0
154," @_ciaradanix3: where's @wakaflocka during this presidential debate? ",-1,0,0,0,0
155,"rubio is off the radar  #gopdebate @NRO @AlexConant @marcorubio",-1,0,0,0,0
157," @goldietaylor: Huckabee. ",-1,0,0,0,0
159,"Bingo! Put that in your article!!! ",-1,0,0,0,0
164,"#GOPDebate: Did Cruz Trump Trump?https://t.co/zMrfI7BoUc via @CR",-1,0,0,0,0
165," @mattgubser Didn't watch the ",-1,0,0,0,0
179," @ironghazi: Finally someone talking about the real issues ",-1,0,0,0,0
180," @gov: Most-Tweeted ",-1,0,0,0,0
184," @hemantmehta: Can we just build a fence around Trump? ",-1,0,0,0,0
185,"@KHOU @JebBush ",-1,0,0,0,0
189,"We looooooove Israel so much. ",-1,0,0,0,0
194," @OnlyInBOS: My closing statement. ",-1,0,0,0,0
196," @Desdemona4U: It was unfathomable that @megynkelly would ask Wasserman-Schultz to do a postmortem on the ",-1,0,0,0,0
198," @NickSylian: From today to the time the next president has one year in office ",-1,0,0,0,0
202," @KristinMCoppens: So uh, climate change, eh guys? #GOPDebate http://t.co/VNkJJiOQGJ",-1,0,0,0,0
203," @Muxywithmoxie: Walker Emerges as Leading Candidate to Run Enterprise Rent-A-Car Branch http://t.co/X6QA8MUTa7 ",-1,0,0,0,0
209,"As Canadian leaders debated, Trump was producing the wildest show in politics http://t.co/MejxXpzG1V #US #USA #USpoli #GOP #GOPdebate",-1,0,0,0,0
213,"Charlie how did ",-1,0,0,0,0
216,"#GOPDebates Trump has air of Boris Yeltsin of Russia, nd he became President of Russia!!!",-1,0,0,0,0
219,"Someone has something to say to @LindseyGrahamSC ",-1,0,0,0,0
223," @ShawnDrurySC: Jeb: My father was...OH NEVERMIND. Parenting is so overrated. ",-1,0,0,0,0
224," @ChakerKhazaal: ",-1,0,0,0,0
226,"Advice to ",-1,0,0,0,0
228," @mozgovaya: 10 men on stage discussing one woman. @HillaryClinton ",-1,0,0,0,0
230,"@ScottWalker Russia &amp; China know more about Hillary Clinton's emails than our own Congress! Boom!#RedNationRaising #GOPDebates",-1,0,0,0,0
231," @dominionIN: Blimey! #GOPDebate #Foxnews @FoxNews @piersmorgan http://t.co/GtXRtJ8yBN",-1,0,0,0,0
232," @Bipartisanism: When watching the #GOPDebate remember that ""Jose didn't take your job, Goldman Sachs did. http://t.co/ChHZB49T0W",-1,0,0,0,0
237," @saradmahmoud: ",-1,0,0,0,0
240,"I hear the rumbling beneath the FEDRAL TRIANGLE WHICH HOUSES THE EPA...THE REAGAN BUILDING ",-1,0,0,0,0
243," @lmahoneybee: ",-1,0,0,0,0
245," @GretchenCarlson: ""Take a bottle of white out with me to Pres Obamas policies"" @GovernorPerry #GOPDebate @FoxNews @foxnewspolitics",-1,0,0,0,0
254,"Chris Christie, shown here swallowing a fly during Thursday's #GOPDebate #OhGodMakeItStop2015 http://t.co/z2VX3CRiDr",-1,0,0,0,0
255," @ericstonestreet: Trump has Cam hands. ",-1,0,0,0,0
258," @RWSurferGirl: So @megynkelly posed for adult pictures.should we bring that up? ",-1,0,0,0,0
259,"Carly Fiorina wrote an op-ed for us at IJReview after her performance last night.  http://t.co/LdQE8KG2ZW ",-1,0,0,0,0
269," @ericstonestreet: Trump has Cam hands. ",-1,0,0,0,0
271," @BettyFckinWhite: So Donald Trump is Biff from Back to the Future 2? ",-1,0,0,0,0
272,"Walker Emerges as Leading Candidate to Run Enterprise Rent-A-Car Branch http://t.co/X6QA8MUTa7 ",-1,0,0,0,0
274," @Popehat: ",-1,0,0,0,0
277,"Moving on from the ",-1,0,0,0,0
282," @alilihay: I would also prefer that my uterus isn't registered with Washington ",-1,0,0,0,0
283," @GogoAleee: IG Deleted DD Account after we participated in the ",-1,0,0,0,0
284,"Notes on the Republican Debate (gibberish) http://t.co/j7zipvpTxK ",-1,0,0,0,0
287," @ShawnDrurySC: Jeb: My father was...OH NEVERMIND. Parenting is so overrated. ",-1,0,0,0,0
289," @goldietaylor: Huckabee. ",-1,0,0,0,0
293,"@jamiaw @realDonaldTrump ",-1,0,0,0,0
294,"Scientific Studies and ",-1,0,0,0,0
297," @KyleAlexLittle: ""A movement back to the 1800's"" #GOPDebates",-1,0,0,0,0
298,"Catching up on my ",-1,0,0,0,0
301," @MarthaMartinMe: ",1,0,0,0,0
307," @JewhadiTM: Early Nielsen ratings suggest Thursday's ",1,0,0,0,0
308,"Where can I watch the ",1,0,0,0,0
311,"I guess yesterday's ",1,0,0,0,0
315," @hilderestad: Republican strategist @FrankLuntz 's focus group during ",1,0,0,0,0
316," @patriotmom61: Rick Santorum at The Des Moines Register soapbox https://t.co/hfqVXAiqPh A boatrocker who got things done. ",1,0,0,0,0
320," @megynkelly: Tune in! ",1,0,0,0,0
322,"In ",1,0,0,0,0
328," @JohnKasich: SMALLER GOVT: Ohio government payroll is smaller than it's been in 3 decades. http://t.co/IGfIF4J1TT ",1,0,0,0,0
330,"Looking at @Wonkette's liveblog from the ",1,0,0,0,0
339," @ericstonestreet: Trump has Cam hands. ",1,0,0,0,0
345,"The second most-retweeted presidential candidate Tweet of the ",1,0,0,0,0
346,"This ",1,0,0,0,0
348,"Trumptastic ",1,0,0,0,0
352," @sampuzzo: @Progress4Ohio @DavidJWhite640 my take on the ",1,0,0,0,0
356,"The only commentary needed for last night's ",1,0,0,0,0
358,"Lets face it - this debate is really about ",1,0,0,0,0
359,"@megynkelly Did @CandyCrowley coach you for last nights ",1,0,0,0,0
361," @mtranquilnight: ",1,0,0,0,0
362," @Sweetpea593: ",1,0,0,0,0
377," @goldietaylor: Commercial break! ",1,0,0,0,0
379,"As usual, @Peggynoonannyc very insightful on the #GOPDebate candidates: http://t.co/4yp5VfABjq",1,0,0,0,0
385,"Donated to @PPact in @JebBush name during the ",1,0,0,0,0
389,"Ghana got swag  ' &amp; DL' ",1,0,0,0,0
393,"Babara Boxer running a CHECK on Carly Fiorina and her record in Calif. Outsourcing jobs, lining her pockets w/$$$, corp welfare #GOPDebate",1,0,0,0,0
397," @BettyFckinWhite: So Donald Trump is Biff from Back to the Future 2? ",1,0,0,0,0
400," @TeamRickPerry: .@GovernorPerry has a plan to end sanctuary cities ",1,0,0,0,0
402," @VotingFemale: ",1,0,0,0,0
406,"FEEL THE BERN @SenSanders : ) ",1,0,0,0,0
415," @Beem_Skeem: ",1,0,0,0,0
416," @b140_tweet: Does this remind  you of ",1,0,0,0,0
417,".@BorowitzReport assesses Walker's #GOPDebate performance, via @NewYorker: http://t.co/87P5EeW8W7",1,0,0,0,0
420,"Why's THIS the most retweeted comment of the ",1,0,0,0,0
423," @ericstonestreet: Trump has Cam hands. ",1,0,0,0,0
426," @renomarky: This picture taken during ",1,0,0,0,0
428,"@BruceBartlett @JesseLaGreca  ",1,0,0,0,0
431,"@carlyfiorina ",1,0,0,0,0
435," @Torchie123: This guy got the real shaft in the #GopDebate tonight.WHY IS THAT? # http://t.co/zw8jUPqP11",1,0,0,0,0
440,"http://t.co/ys2n1uflHT#GOPDebate wrapup. @tgradous @marylene58 @LLMajer @larryvance47 @JVER1 @LVNancy @qnoftherealm @usvetram @FreeLion7",1,0,0,0,0
443,"@ThePaleAlewife I was thinking ",1,0,0,0,0
449," @ericstonestreet: Trump has Cam hands. ",1,0,0,0,0
453," @jamalraad: Trump immigration strategy https://t.co/QZMfehR8VF ",1,0,0,0,0
457,"Why did I have to be at a campground on the day of the first ",1,0,0,0,0
458,"@rushlimbaugh You are so ",1,0,0,0,0
464," @DemsRRealRacist: Trump keeps trying to make definitive statements when the ",1,0,0,0,0
477," @MediaBoobs: ",1,0,0,0,0
481,"Cracking up at @theskimm summary of the ",1,0,0,0,0
483," @ericstonestreet: Trump has Cam hands. ",1,0,0,0,0
486,"The only person in ",1,0,0,0,0
492," @mozgovaya: 10 men on stage discussing one woman. @HillaryClinton ",1,0,0,0,0
503,"Ben Carson at last night's ",1,0,0,0,0
504," @JimKilbane: ",1,0,0,0,0
506,"Trump can't say when he became Conservative because HES NOT ",1,0,0,0,0
507,"@realDonaldTrump on point with response to @megynkelly ""When did you become a Republican? "" #GOPDebate",1,0,0,0,0
510,"@marthamaccallum @billhemmer ",1,0,0,0,0
512,"After the undercard debates I'd say only two should stay in the race are:  Carly Fiorina and Bobby Jindal.  ",1,0,0,0,0
513,"bottom line is that i will vote for any of the candidates last night over @HillaryClinton ",1,0,0,0,0
520,"2016 PREDICTION: Clinton 43.0% Bush 37.5% Trump 18.9% (millions don't vote b/c Bush is a RINO)https://t.co/BDSp6iG77V#GOPDebate",1,0,0,0,0
522," @richarddeitsch: .@FrankBruni on ",1,0,0,0,0
523," @rmuench22: This. Is. EVERYTHING. ",1,0,0,0,0
535,"@sallykohn @megynkelly Megyn you are now officially charted on the Moonbat Hit Parade.  #MegynKelly #GOPDebate",1,0,0,0,0
539,"GmaDawny:  RhondaWatkGwyn: ",1,0,0,0,0
550,"@AlyonaMink is unpacking the ",1,0,0,0,0
556," @Sanddragger: ",1,0,0,0,0
558," @ericstonestreet: Trump has Cam hands. ",1,0,0,0,0
564,"@RealBenCarson and a few others aren't getting any time to debate. In a real debate everybody gets involved. ",1,0,0,0,0
567," @KennedyNation: ",1,0,0,0,0
568,"Jeb Bush and Rand Paul were the only ones to see their odds rise during the ",1,0,0,0,0
569," @NickSylian: From today to the time the next president has one year in office ",1,0,0,0,0
578,"Donald Trump is John Galt. Chew on it. ",1,0,0,0,0
580," @FWD_us: ",1,0,0,0,0
584," @slaboe: [VIDEO] http://t.co/taPH65klje@CarlyFiorina Rocks the 1st Round of #GOPDebate #Carly2016 http://t.co/3L7YiMjXDL",1,0,0,0,0
591," @ericstonestreet: Trump has Cam hands. ",1,0,0,0,0
592,"This @PFTcommenter troll job of last night's ",1,0,0,0,0
594," @louvice: Donald Will Go Independent! RubioNever Shows up 4 Work! ",1,0,0,0,0
595," @ericstonestreet: Trump has Cam hands. ",1,0,0,0,0
600,"@FoxNews ",1,0,0,0,0
