"token","vader","n"
"rt",0,452
"gopdebate",0,233
"t.co",0,156
"http",0,129
"trump",0,108
"gopdebates",0,96
"debate",0,54
"realdonaldtrump",0,53
"megynkelly",0,44
"gop",0,42
"night",0,39
"donald",0,38
"foxnews",0,35
"amp",0,34
"candidates",0,31
"people",0,29
"https",0,27
"night's",0,24
"carson",0,23
"god",1,23
"question",0,23
"time",0,23
"real",0,22
"watching",0,22
"fox",0,21
"jeb",0,21
"news",0,21
"president",0,20
"hands",0,19
"republican",0,19
"candidate",0,18
"huckabee",0,18
"rubio",0,18
"2",0,17
"cam",0,17
"ericstonestreet",0,17
"megyn",0,17
"america",0,16
"bush",0,16
"cruz",0,16
"ben",0,15
"debates",0,15
"kasich",0,15
"love",1,15
"rwsurfergirl",0,15
"hillary",0,14
"party",1,14
"paul",0,14
"tonight",0,14
"watch",0,14
"winner",1,14
"fiorina",0,13
"kelly",0,13
"life",0,13
"stage",0,13
"carly",0,12
"questions",0,12
"rand",0,12
"watched",0,12
"1",0,11
"clinton",0,11
"goldietaylor",0,11
"hillaryclinton",0,11
"rights",0,11
"talk",0,11
"wait",0,11
"won",1,11
"carlyfiorina",0,10
"gay",0,10
"military",0,10
"republicans",0,10
"talking",0,10
"tv",0,10
"2016",0,9
"answer",0,9
"break",0,9
"huge",1,9
"illegal",-1,9
"mike",0,9
"sense",0,9
"10",0,8
"bettyfckinwhite",0,8
"car",0,8
"closing",0,8
"kwrcrow",0,8
"call",0,7
"country",0,7
"donaldtrump",0,7
"guy",0,7
"hair",0,7
"hear",0,7
"immigration",0,7
"kill",-1,7
"marcorubio",0,7
"person",0,7
"randpaul",0,7
"run",0,7
"salmasekela",0,7
"scottwalker",0,7
"support",1,7
"ted",0,7
"tonight's",0,7
"trump's",0,7
"twitter",0,7
"vote",0,7
"walker",0,7
"win",1,7
"wins",1,7
"woman",0,7
"word",0,7
"world",0,7
"wow",1,7
"alien",0,6
"berniesanders",0,6
"black",0,6
"boo",0,6
"bring",0,6
"comments",0,6
"day",0,6
"democrat",0,6
"democrats",0,6
"dr",0,6
"favorite",1,6
"guys",0,6
"head",0,6
"hrc",0,6
"jebbush",0,6
"john",0,6
"legal",1,6
"marco",0,6
"office",0,6
"presidential",0,6
"ratings",0,6
"realbencarson",0,6
"stands",0,6
"top",1,6
"3",0,5
"4",0,5
"act",0,5
"attack",-1,5
"bernie",0,5
"biff",0,5
"brain",0,5
"branch",0,5
"calling",0,5
"campaign",0,5
"check",0,5
"chrischristie",0,5
"christie",0,5
"classy",1,5
"commercial",0,5
"correct",0,5
"dc",0,5
"earned",0,5
"fieldnegro",0,5
"finally",0,5
"free",1,5
"funny",1,5
"future",0,5
"himscrvikr",0,5
"impressed",1,5
"iran",0,5
"issue",0,5
"issues",0,5
"johnkasich",0,5
"kkkorgop",0,5
"leading",0,5
"lindasuhler",0,5
"line",0,5
"lost",-1,5
"missed",-1,5
"noamnesty",0,5
"obama",0,5
"performance",0,5
"pledge",0,5
"plenty",0,5
"politics",0,5
"post",0,5
"pro",0,5
"purpose",0,5
"reality",0,5
"rnc",0,5
"schultz",0,5
"stand",0,5
"status",0,5
"stupid",-1,5
"supermanhotmale",0,5
"system",0,5
"tcot",0,5
"tedcruz",0,5
"telling",0,5
"war",-1,5
"women",0,5
"16",0,4
"5",0,4
"adult",0,4
"afraid",0,4
"agree",1,4
"americans",0,4
"aware",0,4
"bad",-1,4
"beautiful",1,4
"bencarson2016",0,4
"bethbehrs",0,4
"biggest",0,4
"bipartisanism",0,4
"bretbaier",0,4
"business",0,4
"change",0,4
"china",0,4
"chris",0,4
"cnn",0,4
"coming",0,4
"deal",0,4
"dear",1,4
"direct",0,4
"dropped",0,4
"emerges",0,4
"enterprise",0,4
"entertainment",1,4
"faithful",1,4
"father",0,4
"frank",0,4
"friends",1,4
"government",0,4
"governorperry",0,4
"govmikehuckabee",0,4
"hand",1,4
"happiest",1,4
"independent",0,4
"jamiaw",0,4
"job",0,4
"joke",1,4
"learn",0,4
"lol",1,4
"lose",-1,4
"makes",0,4
"moderators",0,4
"moment",0,4
"nevermind",0,4
"overrated",0,4
"parenting",0,4
"pictures.should",0,4
"political",0,4
"poll",0,4
"popehat",0,4
"posed",0,4
"race",0,4
"raise",0,4
"refreshing",0,4
"religious",0,4
"remark",0,4
"rent",0,4
"sanders",0,4
"santorum",0,4
"set",0,4
"shocks",-1,4
"speak",0,4
"statement",0,4
"statements",0,4
"stop",-1,4
"tax",0,4
"thedailyshow",0,4
"times",0,4
"told",0,4
"tough",-1,4
"trump2016",0,4
"tuned",0,4
"video",0,4
"voices",0,4
"wasserman",0,4
"weekend",0,4
"white",0,4
"wilberforce91",0,4
"winners",1,4
"yesterday",0,4
"17",0,3
"abortion",0,3
"agenda",0,3
"amazing",1,3
"answers",0,3
"audience",0,3
"babies",0,3
"bet",0,3
"bobbyjindal",0,3
"bomb",-1,3
"boy",0,3
"brought",0,3
"calls",0,3
"care",1,3
"carly2016",0,3
"character",0,3
"common",0,3
"cool",1,3
"court",0,3
"coverage",0,3
"crazy",-1,3
"created",1,3
"curly",0,3
"declared",0,3
"democratic",0,3
"desdemona4u",0,3
"discussing",0,3
"drudge",0,3
"elected",0,3
"establishment",0,3
"failed",-1,3
"feel",0,3
"followers",0,3
"fuck",-1,3
"fun",1,3
"games",0,3
"giving",1,3
"gonna",0,3
"gotta",0,3
"hadiyah",0,3
"half",0,3
"happened",0,3
"hee",0,3
"hey",0,3
"hit",0,3
"involved",0,3
"irandeal",0,3
"joe",0,3
"kayleymelissa",0,3
"learned",0,3
"left",0,3
"lgbt",0,3
"liberty",1,3
"listening",0,3
"live",0,3
"marriage",0,3
"media",0,3
"mic",0,3
"million",0,3
"monaeltahawy",0,3
"monsterandboy",0,3
"mozgovaya",0,3
"nice",1,3
"nights",0,3
"o'donnell",0,3
"ohnoshetwitnt",0,3
"p2",0,3
"palin",0,3
"parenthood",0,3
"perry",0,3
"pissed",-1,3
"planned",0,3
"play",1,3
"policy",0,3
"politically",0,3
"polls",0,3
"postmortem",0,3
"potus",0,3
"quality",0,3
"received",0,3
"records",0,3
"remember",0,3
"replace",0,3
"retweeted",0,3
"rick",0,3
"roll",0,3
"rosie",0,3
"running",0,3
"russia",0,3
"sadly",-1,3
"sallykohn",0,3
"schools",0,3
"sex",0,3
"shawndrurysc",0,3
"smart",1,3
"smartest",1,3
"snl",0,3
"social",0,3
"spoken",0,3
"taking",0,3
"teaparty",0,3
"thebaxterbean",0,3
"thepatriot143",0,3
"tickets",0,3
"topic",0,3
"totally",0,3
"truth",1,3
"tweet",0,3
"uncle",0,3
"unfathomable",0,3
"voters",0,3
"washington",0,3
"wedding",0,3
"wrong",-1,3
"x6qa8muta7",0,3
"_hankrearden",0,2
"100",0,2
"14",0,2
"1st",0,2
"24",0,2
"7",0,2
"9",0,2
"ac360",0,2
"accidentally",-1,2
"advice",0,2
"air",0,2
"alinsky",0,2
"allenwestrepub",0,2
"amendment",0,2
"america's",0,2
"american",0,2
"angry",-1,2
"annebayefsky",0,2
"answering",0,2
"anti",-1,2
"anymore",0,2
"apologize",1,2
"apparently",0,2
"appearance",0,2
"applause",1,2
"article",0,2
"articles",0,2
"attempt",0,2
"averykayla",0,2
"awesome",1,2
"b140_tweet",0,2
"bankruptcy",0,2
"bar",0,2
"beat",0,2
"bed",0,2
"bender",0,2
"bigger",0,2
"bimbo",0,2
"birth",0,2
"bitches",-1,2
"body",0,2
"book",0,2
"boom",0,2
"border",0,2
"borowitzreport",0,2
"bot",0,2
"boys",0,2
"breaking",0,2
"bridges",0,2
"broken",-1,2
"brothers",0,2
"build",0,2
"bump",0,2
"called",0,2
"canadian",0,2
"cartel",0,2
"center",0,2
"chances",1,2
"changed",0,2
"checkers",0,2
"choice",0,2
"christian",0,2
"civil",0,2
"claim",0,2
"climate",0,2
"clips",0,2
"closed",0,2
"clown",0,2
"collect",0,2
"color",0,2
"comcatholicgrl",0,2
"comedy",1,2
"comment",0,2
"complain",-1,2
"complete",0,2
"congrats",1,2
"congress",0,2
"contenders",0,2
"contribution",0,2
"core",0,2
"correctrecord",0,2
"couple",0,2
"covers",0,2
"credit",1,2
"cries",-1,2
"crispie",0,2
"crowd",0,2
"cruz's",0,2
"crying",-1,2
"cut",-1,2
"cute",1,2
"daily",0,2
"damn",-1,2
"darth",0,2
"datechguyblog",0,2
"death",-1,2
"debbie",0,2
"demagog",0,2
"disappointed",-1,2
"divide",0,2
"dodd",0,2
"dog",0,2
"dollar",0,2
"dominates",1,2
"donation",0,2
"donations",0,2
"door",0,2
"double",0,2
"doubt",-1,2
"dougbenson",0,2
"drama",0,2
"dreamdefenders",0,2
"dust",0,2
"easily",1,2
"economics",0,2
"ed",0,2
"eh",0,2
"endorsed",1,2
"entertaining",1,2
"episode",0,2
"evening",0,2
"event",0,2
"everyday",0,2
"expand",1,2
"facebook",0,2
"facing",0,2
"fail",-1,2
"families",0,2
"family",0,2
"fan",1,2
"fb",0,2
"fbi",0,2
"fear",-1,2
"feelthebern",0,2
"fifty",0,2
"fight",-1,2
"fighter",1,2
"final",0,2
"fix",0,2
"folks",0,2
"food",0,2
"foreign",0,2
"forget",-1,2
"forgot",0,2
"form",0,2
"foxdebate",0,2
"foxnewsdebate",0,2
"foxnewspolitics",0,2
"foxnewssunday",0,2
"freedom",1,2
"friday",0,2
"friend",1,2
"fucking",0,2
"funniest",1,2
"gallagherpreach",0,2
"glad",1,2
"gold",0,2
"gopclowncar",0,2
"gopfail",0,2
"gov",0,2
"guess",0,2
"guypbenson",0,2
"headed",0,2
"heard",0,2
"highlights",0,2
"hilarious",1,2
"hillary2016",0,2
"history",0,2
"ho",0,2
"hope",1,2
"house",0,2
"hug",1,2
"hunger",-1,2
"hurry",0,2
"hurt",-1,2
"iats8vyx7c",0,2
"icymi",0,2
"ijreview",0,2
"ingrahamangle",0,2
"insightful",0,2
"instagram",0,2
"insurance",0,2
"internet",0,2
"israel",0,2
"jeb's",0,2
"jedediahbila",0,2
"jersey",0,2
"jimmyjames38",0,2
"jindal",0,2
"join",1,2
"jon",0,2
"kelly's",0,2
"kennedynation",0,2
"kicked",0,2
"kids",0,2
"knock",0,2
"koch",0,2
"lack",-1,2
"language",0,2
"lannister",0,2
"laughter",1,2
"lead",0,2
"leader",0,2
"leaders",0,2
"leave",-1,2
"lemme",0,2
"liar",-1,2
"liberals",0,2
"lindseygrahamsc",0,2
"listen",0,2
"looked",0,2
"losers",-1,2
"lot",0,2
"loved",1,2
"mad",-1,2
"markdavis",0,2
"market",0,2
"mayor",0,2
"means",0,2
"megan",0,2
"mention",0,2
"mentions",0,2
"mette_mariek",0,2
"mexican",0,2
"millions",0,2
"miss",-1,2
"moderator",0,2
"money",0,2
"mongering",-1,2
"months",0,2
"morningjoe",0,2
"mother",0,2
"movement",0,2
"mush",0,2
"mutant",0,2
"muxywithmoxie",0,2
"nailed",0,2
"naral",0,2
"national",0,2
"nicksylian",0,2
"nominee",0,2
"notamistake",0,2
"nro",0,2
"obama's",0,2
"obamacare",0,2
"odds",0,2
"offended",-1,2
"ohio",0,2
"omg",0,2
"parties",1,2
"party's",0,2
"past",0,2
"patriotmom61",0,2
"pattonoswalt",0,2
"paul's",0,2
"perfect",1,2
"phillyd",0,2
"photo",0,2
"pick",0,2
"picture",0,2
"pimps",0,2
"playing",1,2
"politician",0,2
"politicians",0,2
"polo",0,2
"ppact",0,2
"preach",0,2
"pres",0,2
"prez",0,2
"project",0,2
"proper",0,2
"proud",1,2
"psychic",0,2
"push",0,2
"quotes",0,2
"racist",-1,2
"ran",0,2
"rate",0,2
"reactions",0,2
"reading",0,2
"reagan",0,2
"realalexjones",0,2
"realize",0,2
"reason",0,2
"registered",0,2
"release",0,2
"remedy",0,2
"reminder",0,2
"report",0,2
"response",0,2
"rhetoric",0,2
"rightly",0,2
"ring",0,2
"rino",0,2
"road",0,2
"rocked",0,2
"rocks",0,2
"roger",0,2
"round",0,2
"rush",0,2
"rushlimbaugh",0,2
"sayin",0,2
"season",0,2
"seat",0,2
"send",0,2
"sensanders",0,2
"shot",0,2
"shout",0,2
"similar",0,2
"site",0,2
"sober",0,2
"sold",0,2
"source",0,2
"specific",0,2
"spent",0,2
"standing",0,2
"standwithrand",0,2
"start",0,2
"starts",0,2
"stay",0,2
"summary",0,2
"sums",0,2
"superpower",0,2
"suppose",0,2
"sydtrvp",0,2
"tactics",0,2
"takeaways",0,2
"terrorism",-1,2
"terrorists",-1,2
"thatchrisgore",0,2
"thedemocrats",0,2
"thinking",0,2
"throw",0,2
"throwing",0,2
"thx",1,2
"todd",0,2
"topped",0,2
"true",1,2
"trumps",0,2
"tweeted",0,2
"tweets",0,2
"u.s",0,2
"uh",0,2
"unborn",0,2
"unhappy",-1,2
"unite",0,2
"united",1,2
"unprepared",0,2
"usa",0,2
"views",0,2
"voice",0,2
"wakeupamerica",0,2
"wallace",0,2
"wanna",0,2
"washingtonpost",0,2
"wondering",0,2
"worse",-1,2
"worst",-1,2
"worth",1,2
"writeintrump",0,2
"wrote",0,2
"wxaf0qvhi5",0,2
"ya",0,2
"yall",0,2
"yarn",0,2
"ygmgbavqut",0,2
"_ciaradanix3",0,1
"_kingmalcolm",0,1
"08nrvgesra",0,1
"1,000",0,1
"1.6m",0,1
"10th",0,1
"11000",0,1
"140characters",0,1
"16.0",0,1
"18.9",0,1
"1800",0,1
"19",0,1
"1960s",0,1
"1gt4lreepo",0,1
"1m",0,1
"1z3vufjzlw",0,1
"2013",0,1
"21",0,1
"22nd",0,1
"24000",0,1
"27h90u6bau",0,1
"2b",0,1
"2dopeantibhvr",0,1
"2kvlxwb9kd",0,1
"2nd",0,1
"2noame",0,1
"34",0,1
"35",0,1
"360vodka",0,1
"37.5",0,1
"3d",0,1
"3jmydidcdf",0,1
"3l7yimjxdl",0,1
"3rd",0,1
"3tep5zszun",0,1
"40",0,1
"43.0",0,1
"44",0,1
"49",0,1
"4billlewis",0,1
"4djcc81a5m",0,1
"4ljeug3gye",0,1
"4n6wgnunhn",0,1
"4th",0,1
"4yp5vfabjq",0,1
"4yrs",0,1
"5guj7pe5ei",0,1
"5h5prwi7ju",0,1
"5sgveo7r8n",0,1
"5votes",0,1
"60",0,1
"60min",0,1
"6d6xvafpf1",0,1
"6t2pwpyix1",0,1
"7.50",0,1
"73m",0,1
"7n0vljf2sn",0,1
"7qk0peaecw",0,1
"80",0,1
"87p5eew8w7",0,1
"8aqyj9byor",0,1
"8aupr2vs6z",0,1
"8jbvwjtj3t",0,1
"8lveuhtjuj",0,1
"96",0,1
"aaaaand",0,1
"aaand",0,1
"aandgshow",0,1
"ableg",0,1
"abortions",0,1
"abusive",-1,1
"acceptance",1,1
"account",0,1
"acct",0,1
"accurate",0,1
"acerbicaxioms",0,1
"ack",0,1
"actions",0,1
"acts",0,1
"adamslily",0,1
"admin",0,1
"admirers",1,1
"admit",1,1
"advance",0,1
"advisor",0,1
"aegon",0,1
"aerosmith",0,1
"affairs",0,1
"affect'n",0,1
"affinity",0,1
"afrochubbz",0,1
"aftermath",0,1
"agents",0,1
"aggressively",-1,1
"agreed",1,1
"ahead",0,1
"ailes",0,1
"ak",0,1
"alas",-1,1
"alexandergold",0,1
"alexandraheuser",0,1
"alexconant",0,1
"algore",0,1
"alilihay",0,1
"alittlestats",0,1
"alive",1,1
"allegations",0,1
"alliebidwell",0,1
"allowed",0,1
"alot",0,1
"alpal_23",0,1
"alumni",0,1
"alyonamink",0,1
"alyssaphucker",0,1
"amandajogomez",0,1
"amazed",1,1
"amdt",0,1
"amen",0,1
"amnesty",0,1
"amount",0,1
"amprog",0,1
"amusing",1,1
"analyst",0,1
"andersoncooper",0,1
"andreatantaros",0,1
"andrew_marcinko",0,1
"andrewcryer1",0,1
"angel",0,1
"angelaledgerwoo",0,1
"ann",0,1
"annieslisttx",0,1
"annise",0,1
"announce",0,1
"announcements",0,1
"anointed",0,1
"anytime",0,1
"apology",1,1
"appalling",-1,1
"appeared",0,1
"apprentice",0,1
"approaches",0,1
"aprillives",0,1
"aq8v8c6p0p",0,1
"aqv21",0,1
"arab",0,1
"archerone",0,1
"argue",-1,1
"aridavidusa",0,1
"ark",0,1
"arm",0,1
"army",0,1
"arriving",0,1
"art",0,1
"articulate",0,1
"asdsfke513",0,1
"ashamed",-1,1
"asia",0,1
"ass",-1,1
"assassination",-1,1
"assesses",0,1
"assets",1,1
"association",0,1
"atom",0,1
"attacked",-1,1
"attacking",-1,1
"attacks",-1,1
"attempted",0,1
"attended",0,1
"attention",0,1
"attitude",0,1
"auhlnza3ww",0,1
"authority",1,1
"auxty",0,1
"avabeata",0,1
"aviation",0,1
"avoid",-1,1
"awkord",0,1
"ax",0,1
"b4",0,1
"baby",0,1
"backhanded",0,1
"badly",-1,1
"baier",0,1
"balance",0,1
"ban",-1,1
"bankruptcies",0,1
"banks",0,1
"barbarians",0,1
"barracudamama",0,1
"bars",0,1
"bartles",0,1
"bashing",0,1
"basically",0,1
"basis",0,1
"bass",0,1
"batsask",0,1
"battle",-1,1
"bayonets",0,1
"bdsp6ig77v",0,1
"bdxb2vkyqw",0,1
"beachpeanuts",0,1
"bedchamber",0,1
"beem_skeem",0,1
"beer",0,1
"behaved",0,1
"believable",0,1
"bencarson",0,1
"beneath",0,1
"benefitted",1,1
"benshapiro",0,1
"benswann_",0,1
"benwikler",0,1
"bern",0,1
"bernardgoldberg",0,1
"bernie's",0,1
"bernie2016",0,1
"bewitched",0,1
"bgzysysfsu",0,1
"bheartland",0,1
"biasedgirl",0,1
"bill",0,1
"billhemmer",0,1
"billionaire",0,1
"billmaher",0,1
"billy",0,1
"billyeichner",0,1
"bingo",0,1
"bipartisan",0,1
"birthday",0,1
"bizkit",0,1
"bkshelvesofdoom",0,1
"blackfolks",0,1
"blacks",0,1
"blahahaha",0,1
"blame",-1,1
"blessed",1,1
"blew",0,1
"blind",-1,1
"blog",0,1
"bloody",-1,1
"blurred",0,1
"bmorebrian",0,1
"bnrdebate",0,1
"board",0,1
"boatrocker",0,1
"bob",0,1
"bob's",0,1
"bobby",0,1
"bone",0,1
"boobs",0,1
"booing",0,1
"borrowing",0,1
"bother",-1,1
"bottle",0,1
"bottomless",0,1
"bounce_comic",0,1
"bowel",0,1
"bracketed",0,1
"bradonmessage",0,1
"bradthor",0,1
"brags",0,1
"brappy55",0,1
"brawling",0,1
"bret",0,1
"brewers",0,1
"brianmrosenthal",0,1
"bridgegate",0,1
"brietbart",0,1
"brilliant",1,1
"brithume",0,1
"broadcast",0,1
"brock_a_r",0,1
"brother",0,1
"brotherhood",0,1
"brownblaze",0,1
"bruce",0,1
"brucebartlett",0,1
"brunches",0,1
"bryanlowry3",0,1
"btl",0,1
"budgets",0,1
"buhbyegop",0,1
"builders",0,1
"building",0,1
"burn",0,1
"bus",0,1
"bushland",0,1
"buzzer",0,1
"bwahaha",1,1
"c6qmagevf3",0,1
"c7fwjmdqcz",0,1
"cabinet",0,1
"caked",0,1
"camacho",0,1
"camelotgypsy",0,1
"camera",0,1
"cameron_gray",0,1
"campground",0,1
"cancel",-1,1
"cancelled",-1,1
"candidacy",0,1
"candy",0,1
"candycrowley",0,1
"canned",0,1
"canttrustabush",0,1
"cap",0,1
"captain_landon",0,1
"captioning",0,1
"cards",0,1
"careing",0,1
"carmengoblue",0,1
"carry",0,1
"carson's",0,1
"cary",0,1
"catastrophe",-1,1
"catching",0,1
"catie__warren",0,1
"cbslaelsa",0,1
"cecilthelion",0,1
"celebs",0,1
"cemented",0,1
"censors",-1,1
"chadpergram",0,1
"chadstanton",0,1
"chains",0,1
"chakerkhazaal",0,1
"channel",0,1
"charles_gaba",0,1
"charlesmcnulty",0,1
"charlie",0,1
"charted",0,1
"chase",0,1
"checking",0,1
"cheer",1,1
"cheered",1,1
"cheering",1,1
"chelsea_elle",0,1
"cherishes",1,1
"chess",0,1
"chevy",0,1
"chew",0,1
"chewbacca",0,1
"chhzb49t0w",0,1
"chief",0,1
"child",0,1
"children",0,1
"chill",0,1
"choose",0,1
"chrischristie's",0,1
"christi",0,1
"christians",0,1
"chriswallace",0,1
"church",0,1
"circus",0,1
"cities",0,1
"citizenship",0,1
"city",0,1
"civilrightsorg",0,1
"claims",0,1
"claire",0,1
"clap",0,1
"clapped",0,1
"clapping",0,1
"clarknt67",0,1
"cleveland",0,1
"climatebrad",0,1
"clinton's",0,1
"close",0,1
"cmon",0,1
"coach",0,1
"code",0,1
"cohealthaccess",0,1
"colin",0,1
"columnist",0,1
"comeback",0,1
"comedians",1,1
"comfortable",1,1
"commanded",0,1
"commander",0,1
"commentator",0,1
"commentators",0,1
"commitment",1,1
"committing",1,1
"communicator",0,1
"community",0,1
"compared",0,1
"competent",1,1
"competition",0,1
"complaints",-1,1
"concerns",0,1
"confidence.too",0,1
"confirmed",0,1
"congratulations",1,1
"congressional",0,1
"consensus",0,1
"consequences",0,1
"conservative",0,1
"considered",0,1
"consistently",0,1
"conssista",0,1
"consults",0,1
"consume",0,1
"continues",0,1
"contrary",0,1
"contrast",0,1
"control",0,1
"controversy",0,1
"coolest",0,1
"cop",0,1
"corn",0,1
"correctly",0,1
"corrupt",0,1
"cougar",0,1
"could've",0,1
"covinoandrich",0,1
"crack",0,1
"cral",0,1
"crapping",0,1
"cratering",0,1
"craziness",-1,1
"crickets",0,1
"crime",-1,1
"critic",-1,1
"critique",0,1
"crony",0,1
"crowley",0,1
"crowns",0,1
"crush",-1,1
"cs0usassqs",0,1
"cspanwj",0,1
"culkin",0,1
"cult",0,1
"culture",0,1
"curious",1,1
"cw0rac9wqh",0,1
"cyber",0,1
"cycles",0,1
"da",0,1
"dad",0,1
"daenerys",0,1
"dalestokely",0,1
"dan_bernstein",0,1
"danholler",0,1
"danmoore755",0,1
"darrens",0,1
"data",0,1
"dataviz",0,1
"dave_gosh",0,1
"daveanthony",0,1
"davidbrockdc",0,1
"davidjwhite640",0,1
"dayum",0,1
"dbeltwrites",0,1
"dc's",0,1
"dd",0,1
"dead",-1,1
"deals",0,1
"debaitandswith",0,1
"debated",0,1
"debaters",0,1
"debatewithbernie",0,1
"debating",0,1
"debt",-1,1
"decade",0,1
"decent",0,1
"decide",0,1
"decision",0,1
"declares",0,1
"deenazarucnn",0,1
"defeat",-1,1
"defend",0,1
"deferments",0,1
"define",0,1
"definitive",0,1
"defunded",0,1
"degree",0,1
"delay",-1,1
"deleted",0,1
"delivered",0,1
"delusions",0,1
"demand",-1,1
"democrat's",0,1
"demsrrealracist",0,1
"denies",-1,1
"dentist",0,1
"deray",0,1
"derogatory",0,1
"derwood",0,1
"des",0,1
"describe",0,1
"description",0,1
"deserve",0,1
"deserves",0,1
"destroy",-1,1
"dhniels",0,1
"dianneg",0,1
"dictating",0,1
"diegueno",0,1
"difference",0,1
"differences",0,1
"digest",0,1
"directly",0,1
"disapproval",0,1
"discriminated",0,1
"discussion",0,1
"dislike",-1,1
"displayed",0,1
"disrespectful",0,1
"disruptepreneur",0,1
"dissatisfying",-1,1
"dissect",0,1
"diversity",0,1
"divided",0,1
"djcj7bhgzb",0,1
"dl",0,1
"doctor",0,1
"dole",0,1
"dollars",0,1
"domeniconpr",0,1
"domestic",0,1
"donkeyarguing",0,1
"donniewahlberg",0,1
"donors",0,1
"dont",0,1
"dooley_dooley",0,1
"doom",-1,1
"doriabiddle",0,1
"downright",0,1
"draft",0,1
"dragging",0,1
"draw",0,1
"dress",0,1
"drew",0,1
"drinking",0,1
"drinks",0,1
"driving",0,1
"drn2bhohii",0,1
"drnickmorgan",0,1
"drones",0,1
"drop",-1,1
"dropping",0,1
"drudge_report",0,1
"drum",0,1
"drunk",-1,1
"drunkjcrewuguys",0,1
"duh",0,1
"dumptrump",0,1
"e_sibe",0,1
"e0huw70rrr",0,1
"e1smu0hn5j",0,1
"e2rboz1zwy",0,1
"e68hblfc2g",0,1
"earlier",0,1
"ears",0,1
"earth",0,1
"east",0,1
"easy",1,1
"eat",0,1
"eat24",0,1
"eclipses",0,1
"eddiepepitone's",0,1
"edgeofsports",0,1
"edhenry",0,1
"edition",0,1
"education",0,1
"effectivley",0,1
"egypt",0,1
"electable",0,1
"election",0,1
"elegant",1,1
"elite",0,1
"elizabeth",0,1
"ellemagazine",0,1
"ellieptweet",0,1
"eloquently",0,1
"else's",0,1
"email",0,1
"emails",0,1
"embrace",1,1
"emissary",0,1
"emotional",1,1
"english",0,1
"enjoy",1,1
"enjoyed",1,1
"enjoying",1,1
"entertained",1,1
"enthusiasm",1,1
"entire",0,1
"envelope",0,1
"epa",0,1
"epicfail",0,1
"essentially",0,1
"etammykim",0,1
"eugenics",0,1
"eusebiaaq",0,1
"ewing",0,1
"exaggerates",-1,1
"excellent",1,1
"executive",0,1
"expect",0,1
"expectation",0,1
"expected",0,1
"expecting",0,1
"experiment",0,1
"explaining",0,1
"exposed",-1,1
"exposing",-1,1
"extraordinaire",0,1
"extremist",0,1
"eye",0,1
"eyes",0,1
"ez9yl3uxxs",0,1
"f687d6objl",0,1
"fackinpeter",0,1
"factlsxf4g",0,1
"facttank",0,1
"fair",1,1
"faith",1,1
"fake",-1,1
"fall",0,1
"fallen",-1,1
"false",0,1
"falters",0,1
"fascinating",1,1
"fashion",0,1
"fast",0,1
"fat",0,1
"favor",1,1
"fec",0,1
"federal",0,1
"fedral",0,1
"feeds",0,1
"female",0,1
"fence",0,1
"feud",-1,1
"fewer",0,1
"field",0,1
"figure",0,1
"file",0,1
"finalist",0,1
"finalized",0,1
"fincbj3pos",0,1
"fine",1,1
"finest",0,1
"finished",0,1
"firstamendment",0,1
"fit",1,1
"fitting",0,1
"fl",0,1
"flacco",0,1
"flashes",0,1
"flashreport",0,1
"flat",0,1
"flips",0,1
"florida",0,1
"floridamep",0,1
"fmafdubmfb",0,1
"fnc",0,1
"focus",0,1
"focused",1,1
"follow",0,1
"follower",0,1
"fools",-1,1
"footage",0,1
"footies",0,1
"fop",0,1
"foreshadowed",0,1
"forgives",1,1
"fought",-1,1
"foul",0,1
"found",0,1
"foundation",0,1
"fourmoreyears",0,1
"foxdebates",0,1
"foxnewsmom",0,1
"foxy",0,1
"fragile",0,1
"frankbruni",0,1
"frankluntz",0,1
"fraud",-1,1
"freakin",0,1
"freakishly",-1,1
"freeamerican100",0,1
"freedomjames7",0,1
"freedomtexasmom",0,1
"frogs",0,1
"front",0,1
"fs7r705es9",0,1
"ftw",1,1
"fuk",0,1
"fumbles",0,1
"fundamental",0,1
"funnest",1,1
"funnyordie",0,1
"fuuuuun",0,1
"fwd_us",0,1
"g.o.p",0,1
"gaining",1,1
"gallery",0,1
"galt",0,1
"gameofowns",0,1
"gameofthrones",0,1
"gauchat",0,1
"gender",0,1
"generations",0,1
"george",0,1
"gesturing",0,1
"gexsjxrct3",0,1
"gfyti5ilvc",0,1
"ggfletcher",0,1
"ghana",0,1
"gheshes",0,1
"girls",0,1
"giuseppeiv",0,1
"gluttons",0,1
"gly4myqxyw",0,1
"gma",0,1
"gmadawny",0,1
"gnnn9idons",0,1
"goal",0,1
"gogoaleee",0,1
"goldman",0,1
"goodbye",0,1
"goodmanhere2",0,1
"gopdebacle",0,1
"gopendejos",0,1
"goptbt",0,1
"gotcha",0,1
"gotrump",0,1
"gov't",0,1
"govchristie",0,1
"governor",0,1
"governors",0,1
"govsandoval",0,1
"gpnaplang",0,1
"grandstanding",0,1
"greggutfeld",0,1
"gretchencarlson",0,1
"gritty",0,1
"ground",0,1
"gt",1,1
"gtownheckler",0,1
"guest",0,1
"gun",-1,1
"guns",0,1
"gwar's",0,1
"gwb",0,1
"h5xbibvgst",0,1
"haha",1,1
"haircut",0,1
"halftimereport",0,1
"handcuffs",0,1
"handful",0,1
"handle",0,1
"handled",0,1
"hanging",0,1
"hangover",0,1
"hanks",0,1
"hannibalburess",0,1
"hannity",0,1
"happy",1,1
"harbor",0,1
"hard",-1,1
"hardball",0,1
"hat",0,1
"hateful",-1,1
"haters",-1,1
"hayesbrown",0,1
"hdtgm",0,1
"headache",0,1
"health",0,1
"healthcare",0,1
"healthier",0,1
"hearing",0,1
"heat",0,1
"heck",0,1
"heidil_rn",0,1
"helicopter",0,1
"hell",-1,1
"helped",0,1
"helping",1,1
"hermetically",0,1
"hero",1,1
"hes",0,1
"hfqvxaiqph",0,1
"hilary",0,1
"hillaryclinton's",0,1
"hitjob",0,1
"hitman",0,1
"hits",0,1
"hitting",0,1
"hoes",0,1
"hold",0,1
"holding",0,1
"hole",0,1
"hollywood",0,1
"home",0,1
"homes",0,1
"homework",0,1
"honduras",0,1
"honor",1,1
"hood",0,1
"hoover",0,1
"hopefuls",0,1
"horrified",-1,1
"horse",0,1
"hospitable",0,1
"hour",0,1
"hours",0,1
"houses",0,1
"houston",0,1
"hrkbenowen",0,1
"huffingtonpost",0,1
"huffpostlive",0,1
"hugely",0,1
"hugs",1,1
"human",0,1
"huntsmanabby",0,1
"hype",0,1
"i.e",0,1
"iangarytweets",0,1
"icareviews",0,1
"idea",0,1
"ideas",0,1
"identify",0,1
"identifying",0,1
"idg375",0,1
"idiots",0,1
"idxr",0,1
"ig",0,1
"ignore",-1,1
"illiterates",0,1
"illuminati",0,1
"illustrated",0,1
"ilnovju2a9",0,1
"im",0,1
"imagining",0,1
"imbeciles",0,1
"imho",0,1
"immigrant",0,1
"immigrants",0,1
"implementation",0,1
"implode",0,1
"impomag",0,1
"importantly",1,1
"improve",1,1
"inadvertently",0,1
"inamaziarcz",0,1
"incredible",0,1
"individual",0,1
"individuals",0,1
"indulging",0,1
"inequality",0,1
"information",0,1
"ink",0,1
"innocent",1,1
"instapundit",0,1
"insult",-1,1
"intelligence",1,1
"intelligent",1,1
"intern",0,1
"interviewed",0,1
"invade",0,1
"invisalign",0,1
"invited",0,1
"invoking",0,1
"io41nn1omn",0,1
"ipbsiczyin",0,1
"iranian",0,1
"iraq",0,1
"iron",0,1
"ironghazi",0,1
"isis",0,1
"isnt",0,1
"istandwithobama",0,1
"italkus",0,1
"itsshoboy",0,1
"j.r",0,1
"j9oebxygof",0,1
"jacbrew",0,1
"jack",0,1
"jackie_pepper",0,1
"jackson",0,1
"jakarijax",0,1
"jalisco",0,1
"jamesrosenfnc",0,1
"jami_usa",0,1
"japan",0,1
"jaret2113",0,1
"jarjarbug",0,1
"jarodzsz",0,1
"jasper_deezy",0,1
"jaw",0,1
"jayandsteve",0,1
"jaymes",0,1
"jbthomjohn",0,1
"jbzchd34wa",0,1
"jdante_pr",0,1
"jebbush's",0,1
"jen",0,1
"jennrios1191",0,1
"jeopardy's",0,1
"jerks",-1,1
"jerry",0,1
"jerry_holbert",0,1
"jerrydoyle",0,1
"jesselagreca",0,1
"jessilespie",0,1
"jesus",0,1
"jet",0,1
"jjosephwilliams",0,1
"jm1zvd5qyd",0,1
"joeykramer",0,1
"johneberkowitz",0,1
"johnmccain",0,1
"johnson",0,1
"joined",0,1
"jonstewart",0,1
"jonvoyage",0,1
"jose",0,1
"joy__hart",0,1
"joycarescle",0,1
"jr",0,1
"juliaioffe",0,1
"juliaturner",0,1
"julieweise",0,1
"just_jdreaming",0,1
"justice",1,1
"jut",0,1
"jybray",0,1
"jylevqszrr",0,1
"k3bcdnutm0",0,1
"k7wakz1g5q",0,1
"kamehameha",0,1
"kanye",0,1
"karatloz",0,1
"kardashian",0,1
"karl_sans_marx",0,1
"kasich's",0,1
"kasich2016",0,1
"katiecouric",0,1
"kavithadavidson",0,1
"keemstarx",0,1
"kellyfile",0,1
"kennethsilber",0,1
"kentucky",0,1
"kerriestella",0,1
"kevxindy",0,1
"key",0,1
"kgznjmykx7",0,1
"kick",0,1
"kidstabledebate",0,1
"kill'em",0,1
"killed",-1,1
"killers",-1,1
"killing",-1,1
"kim",0,1
"kimye",0,1
"king",0,1
"kj1xkusmlk",0,1
"kjhobbs1985",0,1
"kmrn9bv2fm",0,1
"knowmorenotless",0,1
"kowxyzui4z",0,1
"kqcbckbjki",0,1
"kravitz's",0,1
"kristinmcoppens",0,1
"krystalball",0,1
"kurdish",0,1
"kurds",0,1
"kvxrdashian",0,1
"kyaecker",0,1
"kylealexlittle",0,1
"l0qdv4qmth",0,1
"lady",0,1
"larryelder",0,1
"las",0,1
"late",0,1
"latimes",0,1
"latina",0,1
"latinalista",0,1
"latinoslisten",0,1
"latism",0,1
"laugh",1,1
"laughing",1,1
"laughs",1,1
"launcher",0,1
"law",0,1
"lcipaybjz9",0,1
"ldqe8kg2zw",0,1
"le",0,1
"leadership",0,1
"leeannmcadoo",0,1
"left's",0,1
"leg",0,1
"lenny",0,1
"lesbians",0,1
"lesson",0,1
"level",0,1
"lgbtq",0,1
"liberal",0,1
"liberalmmama",0,1
"libertarianwing",0,1
"liberties",1,1
"libertytarian",0,1
"libertywwnf",0,1
"lifeaction",0,1
"lighter",0,1
"limbaugh",0,1
"limit",0,1
"limited",-1,1
"limp",0,1
"list",0,1
"listened",0,1
"litupshow",0,1
"liveblog",0,1
"lives",0,1
"lizadonnelly",0,1
"lizpeek",0,1
"lkuhw2nrxs",0,1
"lmahoneybee",0,1
"lmbo",0,1
"lmfao",1,1
"logic",0,1
"lollyohmy",0,1
"looooooove",0,1
"lord",0,1
"loribuckmajor",0,1
"loses",-1,1
"loss",-1,1
"louisiana",0,1
"louvice",0,1
"lovablegold",0,1
"loves",1,1
"low",-1,1
"lower",-1,1
"lowered",-1,1
"lowers",-1,1
"lowrancc",0,1
"lpnational",0,1
"lrihendry",0,1
"ltzd4fxr8b",0,1
"luntz",0,1
"lwc",0,1
"lyrics",0,1
"lzdebates",0,1
"m2zi6acgno",0,1
"macauley",0,1
"maccallum",0,1
"maddow",0,1
"maedenver",0,1
"magical",0,1
"mailman",0,1
"mainstream",0,1
"major",0,1
"mama",0,1
"man's",0,1
"manner",0,1
"marcorubio's",0,1
"marialiacalvo",0,1
"marisol_bello",0,1
"marklevinshow",0,1
"marmel",0,1
"marnus3",0,1
"marshamarshamarsha",0,1
"martha",0,1
"marthamaccallum",0,1
"marthamartinme",0,1
"mashablegif",0,1
"mashablenews",0,1
"massacre",0,1
"masses",0,1
"masterful",0,1
"masters",0,1
"match",0,1
"math",0,1
"matters",1,1
"mattgubser",0,1
"matthews",0,1
"mcbyrne",0,1
"mccain",0,1
"mddems",0,1
"mdmned8lgq",0,1
"meat",0,1
"mediaboobs",0,1
"mediaequalizer",0,1
"mediator",0,1
"meeting",0,1
"meets",0,1
"mega",0,1
"meguylikeme",0,1
"mejxxpzg1v",0,1
"mel8jxm19b",0,1
"melissagracey",0,1
"meme",0,1
"memo",0,1
"menace",-1,1
"mentioned",0,1
"mercedesschlapp",0,1
"merited",1,1
"merkel",0,1
"mess",-1,1
"mexico",0,1
"mgsu7vmaio",0,1
"miaholl18",0,1
"michael",0,1
"michaelsnook",0,1
"michellemalkin",0,1
"micnews",0,1
"mid",0,1
"middle",0,1
"mikeallen",0,1
"militants",0,1
"mimosas",0,1
"min",0,1
"minister",0,1
"minnesota",0,1
"mins",0,1
"minute",0,1
"minutes",0,1
"miracles",0,1
"misled",0,1
"missile",0,1
"missing",-1,1
"misspeak",0,1
"mistake",-1,1
"mixtape",0,1
"mj",0,1
"mjtbaum",0,1
"mk",0,1
"model",0,1
"moderate",0,1
"moe",0,1
"moines",0,1
"molested",-1,1
"molloaqhwq",0,1
"molonlabia67",0,1
"mom",0,1
"moments",0,1
"moneyries",0,1
"monster",0,1
"montel",0,1
"montel_williams",0,1
"month's",0,1
"mood",0,1
"moonbat",0,1
"mormondems",0,1
"morning",0,1
"moronic",-1,1
"morrissey",0,1
"motorcitylib",0,1
"motto",0,1
"mouth",0,1
"movie",0,1
"moving",0,1
"ms",0,1
"msgoddessrises",0,1
"msnbc",0,1
"mt",0,1
"mtqdsdgpeb",0,1
"mtranquilnight",0,1
"mullchess",0,1
"murdering",-1,1
"murica",0,1
"muslims",0,1
"mydaughtersarmy",0,1
"mzc49jrkq8",0,1
"n2yixeokow",0,1
"named",0,1
"narrowed",0,1
"nascarcasm",0,1
"nascarnac",0,1
"nashville",0,1
"nasty",-1,1
"natesilver538",0,1
"nation",0,1
"nations",0,1
"nationwide",0,1
"nativists",0,1
"natl",0,1
"nb3btm8ffd",0,1
"negotiating",0,1
"nerd",-1,1
"nerdist",0,1
"nerve",0,1
"newspaper",0,1
"newsroom",0,1
"newyorker",0,1
"ngdaxtudrt",0,1
"ngomsiv",0,1
"nielsen",0,1
"night.we",0,1
"nitty",0,1
"nixon",0,1
"njbatsa",0,1
"nkwjlscecm",0,1
"noah's",0,1
"nobamanoway",0,1
"nodding",0,1
"nominate",0,1
"nomination",0,1
"nonprophetess",0,1
"nope",0,1
"normal",0,1
"norton",0,1
"notaxation",0,1
"npr",0,1
"nss1u3salh",0,1
"nuclear",0,1
"numbersmuncher",0,1
"nutjobs",0,1
"nvr2conservativ",0,1
"nyc",0,1
"nycdeb8tr",0,1
"nycitycountry",0,1
"nymag",0,1
"nyt",0,1
"o7ujl56nm7",0,1
"obamas",0,1
"obnqdpoemx",0,1
"obvious",0,1
"official",0,1
"officially",0,1
"ohiobats",0,1
"oknox",0,1
"oldrowofficial",0,1
"onceuponaliz",0,1
"onilordasmodeus",0,1
"onlyinbos",0,1
"ooh",0,1
"oops",0,1
"op",0,1
"opinion",0,1
"opinion.seemed",0,1
"opponent",0,1
"opponents",0,1
"opqaudgvcv",0,1
"optibotimus",0,1
"option",0,1
"options",0,1
"orange",0,1
"ouf",0,1
"outdated",0,1
"outnumberedfnc",0,1
"outrage",-1,1
"ovation",0,1
"overtake",0,1
"overtime",0,1
"owned",0,1
"owners",0,1
"oxymoron",-1,1
"p389iile2n",0,1
"pack",0,1
"pacsgirl36",0,1
"page",0,1
"paid",0,1
"painful",-1,1
"palmaceiahome1",0,1
"panda",0,1
"pander",0,1
"pandering",0,1
"panic",-1,1
"parade",0,1
"paraphrase",0,1
"parents",0,1
"park",0,1
"parker",0,1
"parroting",0,1
"participated",0,1
"passive",1,1
"pat",0,1
"patriot",0,1
"patriottweetz",0,1
"pc",0,1
"pearl",0,1
"pearls",0,1
"peddoc63",0,1
"peggynoonannyc",0,1
"penis",0,1
"pennbat",0,1
"pensions",0,1
"peoples",0,1
"pepperoni",0,1
"percent",0,1
"perezhilton",0,1
"performances",0,1
"permanently",0,1
"persecute",-1,1
"personal",0,1
"personally",0,1
"petedominick",0,1
"pfikac",0,1
"pftcommenter",0,1
"pgijypjzdf",0,1
"phantom",0,1
"philosophies",0,1
"phonies",0,1
"phqu2mpmbg",0,1
"picsofmattdamon",0,1
"pictures",0,1
"pieter_gericke",0,1
"pig",0,1
"pills",0,1
"pilrfpa6hc",0,1
"pinky",0,1
"pitch",0,1
"pizza",0,1
"pjnet",0,1
"pkyjsglvfr",0,1
"plan",0,1
"plannedparenthood",0,1
"plans",0,1
"playbookbreakfast",0,1
"played",1,1
"players",0,1
"plays",1,1
"pledges",0,1
"pls",1,1
"plugged",0,1
"pm",0,1
"polarization",0,1
"police",0,1
"policies",0,1
"polisciumn",0,1
"politicoroger",0,1
"politifact",0,1
"pondering_this",0,1
"poor",-1,1
"popcorn",0,1
"popeye",0,1
"popular",1,1
"postgraphics",0,1
"posting",0,1
"potus2016",0,1
"powder",0,1
"power",0,1
"powerful",1,1
"pp",0,1
"pp6uzvfqql",0,1
"ppl",0,1
"pr",0,1
"praise",1,1
"praised",1,1
"praises",1,1
"pre",0,1
"predictable",0,1
"prediction",0,1
"prefer",0,1
"presence",0,1
"press",0,1
"pretty",1,1
"preview",0,1
"primaries",0,1
"primary",0,1
"prime",0,1
"print",0,1
"priorities",0,1
"prisoners",-1,1
"private",0,1
"producers",0,1
"producing",0,1
"profit",1,1
"profound",0,1
"programs",0,1
"progress4ohio",0,1
"progressive",0,1
"prolife",0,1
"promising",1,1
"promoting",1,1
"pronouncing",0,1
"prophiphop",0,1
"props",0,1
"propsals",0,1
"prosthetic",0,1
"protect",1,1
"psynbuelhy",0,1
"puddinstrip",0,1
"puerto",0,1
"pulling",0,1
"pulmyears",0,1
"pulse",0,1
"pundits",0,1
"punishment",-1,1
"punkhistory",0,1
"punt",0,1
"puppets",0,1
"pushing",0,1
"putin",0,1
"pvopzkkt9m",0,1
"pyd",0,1
"q13vkulp3r",0,1
"q4rpv2tbx6",0,1
"qd3lbg4vdf",0,1
"qdiwcwnqy0",0,1
"qe2tputvw3",0,1
"qfedzq4q5z",0,1
"qocnoixedn",0,1
"qs",0,1
"qs4o70zxby",0,1
"qualified",0,1
"quantity",0,1
"quarterback",0,1
"queen",0,1
"questioned",-1,1
"quote",0,1
"quoting",0,1
"qxb1edqozn",0,1
"qzmg96pf75",0,1
"r9ctplw5up",0,1
"racial",0,1
"radar",0,1
"radiance",1,1
"radio",0,1
"raemacraerae",0,1
"raina_kadavil",0,1
"raised",0,1
"randikayecnn",0,1
"ranks",0,1
"rant",-1,1
"rape",-1,1
"raulareyes",0,1
"raven",0,1
"ravensnation",0,1
"reaching",1,1
"react",0,1
"read",0,1
"reagen",0,1
"realdonaldtrump's",0,1
"realizes",0,1
"realtime",0,1
"realtomsongs",0,1
"reassured",1,1
"rebleber",0,1
"recap",0,1
"receive",0,1
"receives",0,1
"record",0,1
"recovering",0,1
"rednationraising",0,1
"rednationrising",0,1
"redsteeze",0,1
"reelquinn",0,1
"referring",0,1
"reform",0,1
"regina",0,1
"register",0,1
"rehearsal",0,1
"remains",0,1
"remarks",0,1
"remind",0,1
"remove",0,1
"removing",0,1
"renaissance",0,1
"renomarky",0,1
"renounce",0,1
"rep",0,1
"repealing",0,1
"repel",0,1
"replayed",0,1
"represented",0,1
"republicandebate",0,1
"reserves",0,1
"resist",0,1
"responses",0,1
"restorereality",0,1
"restrict",-1,1
"retirement",0,1
"revealing",0,1
"revenge",-1,1
"revolutionary",0,1
"rf40cci35x",0,1
"rhondalevaldo",0,1
"rhondawatkgwyn",0,1
"richarddeitsch",0,1
"ricksantorum",0,1
"ridiculous",-1,1
"rigorous",-1,1
"rik_fiair",0,1
"rip",0,1
"rise",0,1
"rises",0,1
"risk",-1,1
"ritual",0,1
"rmconservative",0,1
"rmuench22",0,1
"roaring",0,1
"roars",0,1
"robelgasabc7",0,1
"robertson",0,1
"rocking",0,1
"ron",0,1
"ronald",0,1
"ronda",0,1
"ronpaul",0,1
"root",0,1
"rousey",0,1
"rowdy",0,1
"rrlllvatet",0,1
"rsg15",0,1
"rt0787",0,1
"rubionever",0,1
"rude",-1,1
"rules",0,1
"rumbling",0,1
"rumpfshaker",0,1
"runs",0,1
"runway",0,1
"rupert",0,1
"rupertmurdoch",0,1
"rwnj",0,1
"ryanmauro",0,1
"s1gkhsy1bf",0,1
"s7ukcfcefb",0,1
"sachs",0,1
"sacred",0,1
"sad",-1,1
"sailor",0,1
"salesman",0,1
"sampuzzo",0,1
"sanctuary",0,1
"sanddragger",0,1
"sane",0,1
"saradmahmoud",0,1
"sarah",0,1
"sarahkendzior",0,1
"sarahpalinusa",0,1
"sarhan_",0,1
"satisfying",1,1
"sbg1",0,1
"sbswenson",0,1
"scary",-1,1
"scene",0,1
"schiavo",0,1
"school",0,1
"science",0,1
"scientific",0,1
"scofflaw",0,1
"scott",0,1
"scrowder",0,1
"sealed",0,1
"sec",0,1
"secret",0,1
"seekweek15",0,1
"selfie",0,1
"selhussain",0,1
"sell",0,1
"sen",0,1
"senator",0,1
"senor",0,1
"senschumer",0,1
"serve",0,1
"served",0,1
"service",0,1
"sessions",0,1
"sets",0,1
"setting",0,1
"settling",0,1
"sfgate",0,1
"shaft",0,1
"shannonbream",0,1
"shannonrwatts",0,1
"shannonsanford9",0,1
"shared",1,1
"sharknadoyes",0,1
"shawnsbrain66",0,1
"shawnsuth",0,1
"sheriff",0,1
"sherrod_small",0,1
"shining",0,1
"shock",-1,1
"shockingly",-1,1
"shootings",0,1
"shorter",0,1
"shoutout",0,1
"showboat",0,1
"shrunk",0,1
"shunstrickland",0,1
"shut",0,1
"signing",0,1
"similarities",0,1
"similarity",0,1
"simply",0,1
"sinaloa",0,1
"single",0,1
"sinunu",0,1
"sir",0,1
"siriusxm",0,1
"sisi",0,1
"sith",0,1
"skhas0lqub",0,1
"skiing",0,1
"sknhfykw3u",0,1
"slaboe",0,1
"slams",0,1
"slate",0,1
"slayed",0,1
"slaying",0,1
"slept",0,1
"slob",0,1
"slone",0,1
"slow",0,1
"smacked",0,1
"smarter",1,1
"smh",-1,1
"snapchat",0,1
"sneaky",-1,1
"snowmobile",0,1
"soapbox",0,1
"socalimilitia1",0,1
"soldier",0,1
"solitaire",0,1
"solve",1,1
"someecards",0,1
"someone's",0,1
"song",0,1
"sorta",0,1
"sound",0,1
"sounded",0,1
"sounds",0,1
"southernhomo",0,1
"spark",1,1
"sparring",0,1
"speakerboehner",0,1
"speaks",0,1
"special",1,1
"specifically",0,1
"specifics",0,1
"spectacle",0,1
"spectacular",0,1
"speech",0,1
"speed",0,1
"spending",0,1
"spied",0,1
"spirit",1,1
"splitting",0,1
"spoke",0,1
"sports",0,1
"spot",0,1
"spotting",0,1
"springer",0,1
"springsteen",0,1
"spy",0,1
"squelch",0,1
"standard",0,1
"standards",0,1
"standout",0,1
"standwithpp",0,1
"star",0,1
"started",0,1
"stated",0,1
"stating",0,1
"station",0,1
"statistics",0,1
"steam",0,1
"steinberger",0,1
"step",0,1
"stephenstephan",0,1
"steps",0,1
"sternnschool",0,1
"steve0423",0,1
"stevenoh88",0,1
"stewart",0,1
"stewart's",0,1
"stick",0,1
"stooge",0,1
"store",0,1
"storify",0,1
"story",0,1
"stos8p4shb",0,1
"straighten",0,1
"strange",-1,1
"strategist",0,1
"straws",0,1
"strong",1,1
"stuck",-1,1
"student",0,1
"studies",0,1
"stuff",0,1
"stumping",0,1
"stupidity",-1,1
"subjects",0,1
"substance",0,1
"substantive",0,1
"succeed",1,1
"sucked",-1,1
"suffering",-1,1
"suggests",0,1
"summed",0,1
"sunday",0,1
"superior",1,1
"supp",0,1
"supporting",1,1
"supreme",1,1
"surgery",0,1
"surprised",1,1
"surrounding",0,1
"survive",0,1
"swag",0,1
"sweet",1,1
"sweetpea593",0,1
"swimsuit",0,1
"swindler",0,1
"swing",0,1
"sying",0,1
"t0k3ookwm0",0,1
"tab",0,1
"table",0,1
"takedown",0,1
"takes",0,1
"takingadvantage",0,1
"talked",0,1
"tangible",0,1
"tantan73",0,1
"tape",0,1
"taph65klje",0,1
"targaryen",0,1
"taxing",0,1
"tb7xx3ezqs",0,1
"tbh",0,1
"tbyo1wwvis",0,1
"tc_watkins",0,1
"tdgn",0,1
"tdlf7jc3ig",0,1
"tea4texs",0,1
"teacher",0,1
"teachers",0,1
"teammarco",0,1
"teamrickperry",0,1
"tears",-1,1
"teasyroosevelt",0,1
"technically",0,1
"temperature",0,1
"tense",-1,1
"tenure",0,1
"terms",0,1
"terrible",-1,1
"texas",0,1
"texascruzn",0,1
"texasforbernie",0,1
"thatsmylobster",0,1
"theater",0,1
"there'd",0,1
"therecruitchair",0,1
"therunster",0,1
"thevgblog",0,1
"theyentareport",0,1
"thinblueline",0,1
"thinkbeforeyouvote",0,1
"threat",-1,1
"threaten",-1,1
"threw",0,1
"throat",0,1
"throne",0,1
"tier",0,1
"tiffinit",0,1
"till",0,1
"timeline",0,1
"tip",0,1
"tirade",0,1
"tiresome",0,1
"tithing",0,1
"tmjil45dxp",0,1
"tmp",0,1
"tnycloseread",0,1
"today's",0,1
"toilet",0,1
"tom",0,1
"topics",0,1
"topprog",0,1
"tops",1,1
"torchie123",0,1
"tougher",1,1
"town",0,1
"tpequality",0,1
"tperkins",0,1
"tpm",0,1
"tqxw14qzzb",0,1
"trailer",0,1
"train",0,1
"training",0,1
"trait",0,1
"transgender",0,1
"transgendered",0,1
"trashing",0,1
"treasure",1,1
"treated",0,1
"tree",0,1
"trends",0,1
"trial",0,1
"triangle",0,1
"trickle",0,1
"trillion",0,1
"triumph",1,1
"trojan",0,1
"troll",0,1
"trotalex",0,1
"trumpdebate",0,1
"trumpfiorina",0,1
"trumpiest",0,1
"trumptastic",0,1
"trumpvsfoxnews",0,1
"trumpwon",0,1
"trust",1,1
"truthfully",1,1
"tsunami",0,1
"tt",0,1
"tweeting",0,1
"twist",0,1
"twitterland",0,1
"tx",1,1
"type",0,1
"tywahlbrink",0,1
"uaib1m8ekc",0,1
"ucd675mrmy",0,1
"ugh",-1,1
"ugly",-1,1
"ultimately",0,1
"uncles",0,1
"uncommon",0,1
"unconstitutional",0,1
"undercard",0,1
"understand",0,1
"understands",0,1
"underwood",0,1
"undoubtedly",0,1
"unfairness",0,1
"unfollowing",0,1
"unintentionally",0,1
"union",0,1
"unitebiue",0,1
"uniteblue",0,1
"unitebluewi",0,1
"unpacking",0,1
"unreleased",0,1
"unscathed",0,1
"unsurprisingly",0,1
"unsympathetic",0,1
"untill",0,1
"upbringing",0,1
"updated",0,1
"uprights",0,1
"uproar",0,1
"usage",0,1
"usedtobgop",0,1
"uspoli",0,1
"usual",0,1
"usweekly",0,1
"uterus",0,1
"utmost",0,1
"utter",0,1
"v4wnjcy9sw",0,1
"vacation",0,1
"valium",0,1
"vallarta",0,1
"vandalized",0,1
"vbpxf8hqrf",0,1
"verge",0,1
"versus",0,1
"veterans",0,1
"vets",0,1
"vgz4knfxk7",0,1
"vicenews",0,1
"victimized",-1,1
"victims",-1,1
"videos",0,1
"viewers",0,1
"vigorous",0,1
"vine",0,1
"violate",-1,1
"violated",-1,1
"violating",-1,1
"violence",-1,1
"violent",-1,1
"visit",0,1
"visiting",0,1
"visits",0,1
"vital",1,1
"vlt68ymse2",0,1
"vnkjjioqgj",0,1
"voteblue",0,1
"voted",0,1
"voter",0,1
"voting",0,1
"votingfemale",0,1
"vows",0,1
"vpxxlxevhi",0,1
"vtzmlujrqi",0,1
"wakaflocka",0,1
"wakes",0,1
"walked",0,1
"walker's",0,1
"wall",0,1
"wallets",0,1
"warrant",0,1
"warriorwoman91",0,1
"wars",-1,1
"washerwoman",0,1
"washinformer",0,1
"watches",0,1
"water",0,1
"wavy",0,1
"waynedupreeshow",0,1
"wear",0,1
"web",0,1
"website",0,1
"week",0,1
"weigh",0,1
"wendie07",0,1
"west's",0,1
"wet",0,1
"wether",0,1
"wfie",0,1
"whgcid8ee7",0,1
"whinenot",0,1
"whines",-1,1
"whiny",0,1
"whitemamba23",0,1
"whitneyneal",0,1
"whoareyouwearing",0,1
"whoop",0,1
"wife",0,1
"wildest",0,1
"will_bunch",0,1
"williams",0,1
"willneverlie",0,1
"wilts",0,1
"wilw",0,1
"winding",0,1
"wisconsin",0,1
"wise",1,1
"wiseguys",1,1
"wiseguysutah",0,1
"witty",0,1
"wmur9_politics",0,1
"wnd_txt",0,1
"wolfofwarrenst",0,1
"women's",0,1
"wonderful",1,1
"wonkette's",0,1
"words",0,1
"worldnetdaily",0,1
"worry",-1,1
"would've",0,1
"wrapped",0,1
"wreck",-1,1
"wrestling",0,1
"write",0,1
"writing",0,1
"writingdownpat",0,1
"wrrgmtvyoz",0,1
"wrschgn",0,1
"wsj",0,1
"wywlcgtczr",0,1
"x___x",0,1
"x8uwh4kowv",0,1
"y1awqcpfnw",0,1
"yankeebrit77",0,1
"yay",1,1
"ycot",0,1
"yeah",1,1
"yep",1,1
"yesterday's",0,1
"yhvnoeinyi",0,1
"yippie",0,1
"ykhong",0,1
"ynnabr9pqq",0,1
"yoshi",0,1
"youryakiri",0,1
"youtube",0,1
"yup",0,1
"zachhaller",0,1
"zachmider",0,1
"zhnqhdpiln",0,1
"zingers",0,1
"znljf0zjd9",0,1
"zoegberg",0,1
"zw8jupqp11",0,1
"zycg0ixwru",0,1
"zycvny4noq",0,1
