"id","text","rating","afinn","lsd","vader"
1,"  entertainment. ",-1,0,1,0.421
2," @salmasekela:  kasich aware   making sense? ",-1,0,1,0
3," @thatsmylobster: @wiseguysutah hey,  donald  coming  wiseguys anytime soon?  like advance tickets. #",-1,0.5,1,0.421
4,"nobamanoway: https:///m2zi6acgno  annebayefsky: .govmikehuckabee: ",-1,0,0,0
5," dare @ ask @  history    male chauvinist!   expect  president   integrity?! ",-1,0.5,1,0.491
6," @pulmyears: official photo   big #foxnews # last night: :///uaib1m8ekc#teaparty @socalimilitia1 @donkeyarguing",-1,0.25,0,0
7," ever happened   answers     gonna take care  vets? ",-1,0.5,1,0.494
8," @lindasuhler: jeb stands  ""act  love""; comments  earned legal status [boo]#noamnestyhttp:///himscrvikr#",-1,0.5,0,0.691
9," going  go  every candidate's relatives' resumes??? ",-1,0,0,0
10," @johnkasich: hey @,   still looking  chip , check  :///dy8knz122t#",-1,0,0,0
11,"wfie 14 news  u going  repo news affect'n  nation? https:///bdxb2vkyqw via @youtube @realalexjones ",-1,0,0,0
12," change  racist usage   word articulate  describe republicans   well spoken. ",-1,-0.75,0,-0.44
13," @rebleber:  mentioned   #:voting rightsclimate changegun violencepolice shootingsstudent debtinequality",-1,0,-1,0
14,"# winners yesterday: carly, ben carson, marco rubio, , sadly, big gov't mike huckabee. can carly knock christie   stage?",-1,-0.125,-0.333,0.077
15," @tpequality: gay rights opponent rick santorum says  ",-1,0,0,0
16," closed captioning   ",-1,0,0,0
17," @monaeltahawy: can someone send   ",-1,0,0,0
18,"republicans still talking  abortion like   1960s. ",-1,0.5,1,0.361
19," @bradonmessage:    watching  #,  candidate @algore endorsed  nashville mayor lost. badly.",-1,-0.333,-1,-0.527
20,"@carlyfiorina go carly! matthews   asshat!! nice job! ",-1,0.75,1,0.608
21,"sen. perry calls  ""aviation assets"" (means spy drones)  ""identify  individuals  "" 24/7 # :///ipbsiczyin",-1,0.5,1,0.178
22,"   big mistake    wallace  question @'s business tactics. never question   business ",-1,-0.125,-1,-0.34
23,"lemme see... else?bush, rubio?  similar. #",-1,0,0,0
24," @salmasekela:  moment  realize  watching fox news     handcuffs. ",-1,0,0,0
25," @lindasuhler: jeb stands  ""act  love""; comments  earned legal status [boo]#noamnestyhttp:///himscrvikr#",-1,0.5,0,0.691
26," @ctblogger:  image best sums   thoughts regarding last night's ",-1,0.75,1,0.637
27," @goldietaylor: closing statements! ",-1,0,0,0
28," fitting  today  ",-1,0,0,0
29,"  sums   haha: 2016 bender starts now ",-1,0.75,0,0.459
30," @rwsurfergirl:  @ posed  adult pictures.  bring  ? ",-1,0,0,0
31,"dear internet, can  start #trumping   thing?   make  thing? #trumping # # :///mi35fdffmy",-1,0.5,1,0.452
32," @bethbehrs: classy. ",-1,0.75,1,0.44
33,"@freeamerican100 @libertarianwing @randpaul @ronpaul ",-1,0,0,0
34,"sydtrvp:  berniesanders: oh.   just  movie trailer. ",-1,0,0,0
35," @gopendejos:  hour   still  mention  ",-1,0,0,0
36," @gheshes: ",-1,0,0,0
37," @guzman: top 3 #republican priorities:1:  gays2:  whitehouse white again3:  jesus #",-1,0.375,0,0.202
38," @democracymatrz:   just admit  buying influence     time declaring  need  campaign finance reform??? ",-1,-0.25,1,0.327
39,"hey look-  ",-1,0,0,0
40," @johneberkowitz:  sums   ",-1,0,0,0
41,"walker answering  iran. first straighten   brewers. ",-1,0,1,0
42," @mydaughtersarmy: 4 different pictures. 4 different subjects. 1  obvious similarity. # :///n2yixeokow",-1,0,0,0
43,"#  hugely entertaining. sadly,  learned almost nothing :///1gt4lreepo #tcot #latinoslisten #latism",-1,0,0.333,0.03
44," @juliaioffe:  elegant, witty round-  last night's #  @tnycloseread :///cw0rac9wqh",-1,0.5,1,0.477
45," real voice   #   #  @. @foxnews   mad,   parroting     sying 4yrs.",-1,-0.75,-1,-0.494
46,"  wait  hillary clinton  put  ",-1,0,-1,0
47," @scrowder: talking  things #. specifically,  complete massacre  happened   hands  carly fiorina. #lwc",-1,0,-1,0
48," fox news debates     comedy   laugh store...    fun. ",-1,0.5,1,0.856
49," @b140tweet: rip  ",-1,0,-1,0
50,"showed serious differences  approaches   world &amp; problems within  ,   importantly,  # showed   crazy.",-1,-0.5,-1,-0.477
51," @hrc:  fact  @randpaul  staked   consistent record  equality. learn  :///xhyjh1fjfk ",-1,0,1,0
52,"  ""pundits""  wrong?  usually ! :///nb3btm8ffd # #debaitandswith #italkus #wakeupamerica",-1,-0.5,-1,-0.525
53,"working   huge # social data story.  interesting trends,        tweeted- moment last night.",-1,0.375,1,0.612
54,"best thing   ",-1,0.75,1,0.637
55," @shannonrwatts:  ",-1,0,0,0
56,"thx  @flashreport   ink. #potus # @brietbart :///vtzmlujrqi",-1,0,0,0.361
57," @texasforbernie: stand w @berniesanders  extremist   feeds  violating fundamental rights ",-1,-0.5,-0.333,-0.542
58," @bethbehrs: classy. ",-1,0.75,1,0.44
59,"rubio-backed insurance market ""covers 80 people"" -obamacare covers 1.6m  fl alone :///whgcid8ee7 # :///y1awqcpfnw",-1,-0.5,0,-0.25
60," republican party wakes    huge hangover,  splitting headache   idea    bed  donald . # #rsg15",-1,0.25,-1,0.612
61," @ericstonestreet:   cam hands. ",-1,0,0,0
62,"hadiyah: rand paul rocking  wet  wavy. ooh kill'em! ",-1,0,-1,0
63," obvious  got  # - rupert murdoch wants fox  'back   # coverage :///ao0zzfzep1#trump2016 #",-1,0,0,0
64,"   f*%king entertaining    illegal! ",-1,-0.125,0,-0.248
65," @wilw: boy,  bet  mood   clown car  going   tense   jerks leave  #.",-1,-0.375,-1,-0.572
66," @bettyfckinwhite:  donald   biff  back   future 2? ",-1,0,0,0
67," @bettyfckinwhite:  donald   biff  back   future 2? ",-1,0,0,0
68,"@billmaher  wait  get  take  #, planned parenthood, iran deal,   tonight's #realtime",-1,0,-1,0
69," @jasper_deezy: mike huckabee quoting limp bizkit lyrics   military talking points ",-1,0,-1,0
70,"hadiyah: jen bush looks like  art teacher   inner city school  everyday  car gets vandalized.  ",-1,0.5,1,0.361
71,"  great business man,   donald  make  good president? #donaldtrump # #... :///tbyo1wwvis",-1,0.75,1,0.791
72," @darth:  apparently  candidates  arriving    site# :///gexsjxrct3",-1,0,0,0
73," @jackie_pepper: ",-1,0,0,0
74," @bettyfckinwhite:  donald   biff  back   future 2? ",-1,0,0,0
75,"  news -  shocks  faithful :///t0k3ookwm0  ",-1,0.125,0,0.077
76," @wendie07: ",-1,0,0,0
77,"cancelled ",-1,-0.25,0,-0.25
78," @loribuckmajor:  cute  chris christie   bob's big boy haircut ",-1,0.375,1,0.459
79," @shannonsanford9: undoubtedly @foxnews  want @tedcruz    questions. ",-1,0.25,1,0.077
80," @pfikac: .@jebbush '    verge   greatest time   alive   world  washington  holding us back' ",-1,0.5,1,0.778
81," @nascarnac: funny  see  many calling  avoid watching @foxnews   saying    decade. ",-1,0.375,0,0.178
82," @shunstrickland:  people tell    , believe . #",-1,0,0,0
83," old tiresome ",-1,0,-1,0
84," @p0tus: .@ &lt;--- ""pay  attention   pesky facts behind  curtain""# :///hxcubsvtgl",-1,-0.375,-1,-0.382
85," @teapainusa: marco rubio: "" vote  someone successful like hillary clinton   can vote  ?"" #",-1,0.625,1,0.743
86," @ericstonestreet:   cam hands. ",-1,0,0,0
87,"twitter hype ranks   60min:1 kasich -32 santorum -13 bush -1#gopdebatehttps:///f687d6objl#potus2016",-1,0,0,0
88,"@governorperry   heck  ronald raven? ",-1,0,0,0
89," know someone   finalized amount  time  candidate   speak, send    pls!#",-1,0,0,0.151
90," @jimmyjames38: flat tax   win ",-1,1,1,0.586
91," @reelquinn: pretty sure ted cruz  one   darrens  bewitched. # #derwood",-1,0.25,1,0.67
92," @joy__hart:  morning joe crowd  giving fiorina  false sense  intelligence.   sarah palin  lighter hair ",-1,0,0.333,0.67
93," @bethbehrs: classy. ",-1,0.75,1,0.44
94," @kjhobbs1985: @thedemocrats  really... like  @ppact videos   watching anyway. ",-1,0.5,1,0.42
95,"@megankellytrump   said, ""megyn, ask  nine candidates,   plan  support    win  nomination.""#",-1,0.75,1,0.758
96," hates women  ? go. ",-1,-0.75,-1,-0.44
97,"karl_sans_marx:  carmengoblue:   like miss america meets jerry springer. ",-1,0,1,0.226
98,"...#donaldtrump remains   top   polls! boo   wrong  people! #kasich2016  well. # ""fat pig"", women..",-1,0,-0.333,-0.198
99,"hadiyah: lets see jeb bush try  solve  common core math problem. ",-1,-0.125,-1,-0.226
100," @democracymatrz:   just admit  buying influence     time declaring  need  campaign finance reform??? ",-1,-0.25,1,0.327
101," @shannonrwatts: thanks  #nra influence, congress slashed cdc funding  gun violence research # #gunsense",-1,-0.25,0,-0.67
102," @ncsr18: muppet show. ",-1,0,0,0
103," took  temperature  dc's bars     watched  ",-1,0,0,0
104," @dwstweets: obamacare extends  solvency  medicare  makes prescription drugs  affordable.   care seniors deserve. ",-1,0.375,1,0.572
105," @goldietaylor: huckabee. ",-1,0,0,0
106,"  pledge   run third party,   pledge  vote third party    nominee. :///3tep5zszun #",-1,0,1,0.66
107," @thepatriot143: hey @foxnews can  let us rep digest  ",-1,0,0,0
108," @kayleymelissa: ",-1,0,0,0
109," @alliebidwell: bernie, calling  #  lack  higher ed talk, among  issues https:///27h90u6bau",-1,-0.5,-1,-0.318
110," @just_jdreaming: ""listen...  reagen  fools""  - donald  #",-1,-0.5,-1,-0.494
111," @usedtobgop:   know  anyone else  think last night ",-1,0,0,0
112,"god blessed  country,  republican candidates....   democrats. -rubio #paraphrase # ... :///pgijypjzdf",-1,0.25,1,0.718
113,"# : better   phantom menace,  worse  revenge   sith.",-1,-0.312,-0.5,-0.778
114,"zoegberg:  sarahkendzior:  believe people  writing real articles   won ",-1,0.75,1,0.572
115," never seen  larger collection  nimrods  one stage. ",-1,0,0,0
116,"true https:///lcipaybjz9 ",-1,0.5,1,0.421
117,"now ben carson wants  try   interesting.  ",-1,0.5,1,0.402
118," @_hankrearden:  haters seem especially mad today.  wonder  lol? whiny little bitches  get  . ",-1,-0.5,-1,-0.788
119,"africa got ppl  ' &amp; dl' ",-1,0,0,0
120," can  better ",-1,0.5,1,0.44
121," @youngblkrepub:  rosie o'donnell. ",-1,0,0,0
122,"people promote &amp; encourage  8-year-old boy     gay pride parade,    say  word ""disgusting animal."" # #pc",-1,0,0.333,0.599
123,"  #,     republican  get behind  smartest,  electable person   room  draft @  prez!",-1,0.5,1,0.648
124,"@cbsmiami ",-1,0,0,0
125," @monsterandboy:     uproar    invited  tonight's !  demand  reason!  ",-1,-0.25,-1,-0.27
126,"steps  help  understand #kkkorgop: 1) define rhetoric, 2) consume # rhetoric, 3) spot similarities. https:///lkuhw2nrxs",-1,0.5,1,0.402
127,"interest take   aftermath   first 2016 #gopdebatewe're actually talking   &amp;   candidate looked presidential @cspanwj",-1,0.25,0,0.459
128," @jamiaw: "" purpose   military   kill people  break things""-mike huckabee # #kkkorgop",-1,-0.75,-1,-0.691
129," @ericstonestreet:   cam hands. ",-1,0,0,0
130," @bettyfckinwhite:  donald   biff  back   future 2? ",-1,0,0,0
131," @gallagherpreach:   just   can anyone else  wait  snl  weekend    coverage? ",-1,0,-1,0
132,"@juliaturner @slate   time  admit  something. truthfully       call    . ",-1,-0.25,1,0.572
133," @goldietaylor: commercial break! ",-1,0,0,0
134," @brock_a_r:  wonder  candidate  going    first  accidentally call ben carson "" help"" #",-1,0,0,0.077
135," @foxnewsmom:  psychic.# :///wxaf0qvhi5",-1,0,0,0
136,"@foxnews @ best line   night ",-1,0.75,1,0.637
137," @nvr2conservativ: ",-1,0,0,0
138,"# final statement: please pander  religious nutjobs  illiterates. go!##foxnewsdebate## #rwnj",-1,0.25,-1,0.38
139,"intern  #: "" lady kept asking questions  gay rights  lesbians  women's rights.   ridiculous.""",-1,-0.75,0.333,-0.361
140," @thevgblog: ",-1,0,0,0
141," foxy, rowdy republican .  least @realbencarson  understand  &amp; get best advise available. # :///rrqntaak3x",-1,0.75,1,0.637
142," @mikandynothem: carly fiorina may  just won    one video clip.#",-1,0.75,1,0.572
143," @dragswolf:    built  wall  1491. ",-1,0,0,0
144,"@   lost alot  admirers last night. republicans  just going  beat , !  # #donaldtrump",-1,-0.75,0,0.176
145,"@realalexjones @libertytarian @jakarijax @leeannmcadoo wether @   trojan horse  ,   worth  punt? #",-1,0.5,1,0.226
146," @0787: alyssaphucker:  huffingtonpost:  real winner   #? megynkellyhttps:///kmrn9bv2fm :///auhlnza3ww",-1,1,0,0.586
147," @ericstonestreet:   cam hands. ",-1,0,0,0
148," @averykayla:   point   suppose  stop laughing  start crying? ",-1,-0.167,-1,-0.273
149," @popehat: # paul: "" want  collect  records  terrorists  fewer  americans.""",-1,0.25,-1,-0.586
150," @freedomjames7:    rino.# :///ew7bpoqd5b",-1,0,0,0
151," @mormondems: ben carson:  will end polarization  removing health insurance  17 million americans. ",-1,0,-1,0
152," @hillaryclinton: watch  ",-1,0,0,0
153,"  news -  shocks  faithful :///h5xbibvgst  ",-1,0.125,0,0.077
154," @_ciaradanix3:  @wakaflocka   presidential ? ",-1,0,0,0
155,"rubio    radar  # @nro @alexconant @marcorubio",-1,0,0,0
156,"@thedailyshow jon stewart can feel comfortable w/retirement  ",-1,0.5,1,0.511
157," @goldietaylor: huckabee. ",-1,0,0,0
158,"surprised  learn  ben carson  part   ",-1,0,1,0.226
159,"bingo! put    article!!! ",-1,0,0,0
160," @michaelsnook:   wait   meme  donald 's beautiful, classy door   border. #",-1,0.75,0.333,0.778
161,"boy, 'll   awesome  president  calls angel merkel  ""bimbo"".   cool. # #trump2016",-1,0.625,0.333,0.751
162,"    accurate description   system? https:///e68hblfc2g.  # illustrated    wonderful, scary fashion",-1,0.25,0.333,0.128
163," @dhniels:  know  @chrischristie  giving hugs ?  families  pearl harbor victims ",-1,-0.125,0,0.511
164,"#:  cruz  ?https:///zmrfi7bouc via @cr",-1,0,0,0
165," @mattgubser  watch  ",-1,0,0,0
166," start th evening, rnc moderators dropped atom bomb  # ... kicked  thru th uprights # #@washingtonpost",-1,-0.25,-0.333,-0.494
167," @pattonoswalt:   going  ask lenny kravitz's penis one question?    disrespectful. ",-1,0,-1,0
168,"fox   . turning   breaking news. ",-1,0,-1,0
169,"mike huckabee  bartles &amp; jaymes  like  thank    support. ",-1,0.5,1,0.772
170,"@randpaul  defend  4th amendment  eloquently last night   article   good mediator :///vlt68ymse2 ",-1,0.75,1,0.44
171," @larryelder: worse   unprepared candidate  blind support  one.   pulling  ",-1,-0.167,-0.5,-0.477
172," @jerry_holbert: refreshing. ",-1,0,1,0
173,"watching  #   help  think  claire underwood referring  political debates  ""spectacle""  season 3 #profound",-1,0.5,1,0.402
174," @makinh15tory: lol @  ",-1,0.75,0,0.519
175," wish  ",-1,0.25,0,0.402
176," @naral: .@bobbyjindal brags   anti-choice  state ; @amprog report  2013 said louisiana  worst state  women. ",-1,-0.75,-1,-0.625
177," wants  hug?# :///iats8vyx7c",-1,0.5,1,0.477
178," @thebaxterbean: 5 things rand paul's kentucky 've spent $73m  instead   fake noah's ark :///s1gkhsy1bf ",-1,-0.75,-1,-0.477
179," @ironghazi: finally someone talking   real issues ",-1,0,0,0
180," @gov: -tweeted ",-1,0,0,0
181," @bounce_comic: black folks looking  @bencarson2016 like... ",-1,0.5,1,0.361
182," @keemstarx:  black guy  smart  fuck! ",-1,-0.375,0,-0.271
183," @climatebrad: .@jebbush's million-dollar donors, updated thx  @zachmider :///k3bcdnutm0 # :///qdiwcwnqy0",-1,0,0,0.361
184," @hemantmehta: can  just build  fence around ? ",-1,0,0,0
185,"@khou @jebbush ",-1,0,0,0
186,"@whitemamba23 100%!!! hilary hanging  kimye    dead center  #   3rd party  ""stupid""??",-1,-0.625,-1,-0.804
187,"  help  think dr. carson   hoping  ""gifted hands"" can make  way   flailing mouth. #",-1,0.5,1,0.67
188," @kwrcrow:  will  learn? @foxnews @ attack @   wins @time &amp; @drudge poll. ",-1,0.375,0.333,0.153
189," looooooove israel  much. ",-1,0,0,0
190,"watching  republican party implode  within  magical. ",-1,0,0,0.402
191," @nerdist:  gotta say  refreshing  hear  presidential   everyone  correctly pronouncing ""nuclear"" #",-1,0,1,0
192," think    candidates   secret crush  hillary    trashing talking   much. ",-1,-0.25,-1,-0.153
193," @whinenot: rush: "" one   9  candidates   stage joined megan kelly  going  donald "" #",-1,0,1,0
194," @onlyinbos:  closing statement. ",-1,0,0,0
195,"  candidates represented  clear  superior choice  hillary, bernie, elizabeth  uncle joe!!! # #teaparty #tcot #tdgn",-1,0.375,1,0.789
196," @desdemona4u:   unfathomable  @  ask wasserman-schultz    postmortem   ",-1,0,0,0
197," see  people   audience looking around   clapped  gay rights. people  like, da fuk... #",-1,0.5,1,0.361
198," @nicksylian:  today   time  next president  one year  office ",-1,0,0,0
199," @funnyordie:   whether  win  lose, donald.   thing  matters  life   winding  like . #",-1,0.583,0.333,0.572
200,"@polisciumn  ted cruz just misspeak   said   closing statement    ""persecute religious liberty?"" #",-1,-0.5,-0.333,0.077
201,"@foxnews fumbles  ",-1,0,-1,0
202," @kristinmcoppens:  uh, climate change, eh guys? # :///vnkjjioqgj",-1,0,0,0
203," @muxywithmoxie: walker emerges  leading candidate  run enterprise rent--car branch :///x6qa8muta7 ",-1,0,0,0
204," @markdavis: #perry, #fiorina clips  #irandeal  better   answers  given    #",-1,0.5,1,0.44
205," channel  watch now. #cnn  liberal,#fnc &amp; @ r #rnc hitman #crony . @ dont join # anymore #gotrump",-1,0.25,1,-0.223
206,"finally talking  race 100 min.   cut  commercial ",-1,-0.25,0,-0.273
207,"@alpal_23 wins snapchat ",-1,1,1,0.572
208," @2dopeantibhvr:  u want us  build  wall ",-1,0.25,0,0.077
209," canadian leaders debated,   producing  wildest show  politics :///mejxxpzg1v #us #usa #uspoli # #",-1,0,0,0
210," @lindasuhler: jeb stands  ""act  love""; comments  earned legal status [boo]#noamnestyhttp:///himscrvikr#",-1,0.5,0,0.691
211," fascinating  see  post-post ",-1,0.75,1,0.542
212," @wolfofwarrenst: just  case  missed  ",-1,-0.5,0,-0.296
213,"charlie   ",-1,0,0,0
214," democracy remains  dire straits cause  aint working  long   get money  nothing   get dicks  free ",-1,-0.25,-0.333,-0.691
215,"  just   can anyone else  wait  snl  weekend    coverage? ",-1,0,-1,0
216,"#   air  boris yeltsin  russia, nd  became president  russia!!!",-1,0,0,0
217,"martha maccallum gets credit  asking whether christians   religious liberty double-standard  muslims ",-1,0,1,0.718
218," @_hankrearden: john sinunu,  wrote  book  jeb's dad,  like .   fucking shock. #",-1,-0.333,-0.333,-0.101
219,"someone  something  say  @lindseygrahamsc ",-1,0,0,0
220," perfect remedy   ",-1,0.75,1,0.572
221,".@instagram  @facebook need  free  @dreamdefenders acct. ",-1,0.25,1,0.511
222,"oh good lord... ",-1,0.75,1,0.44
223," @shawndrurysc: jeb:  father ...oh nevermind. parenting   overrated. ",-1,0,0,0
224," @chakerkhazaal: ",-1,0,0,0
225,""" think god's  pretty fair guy"" -ben carson, neurosurgeon,   belief modern day taxation   based   ancient book#",-1,0.375,1,0.67
226,"advice  ",-1,0,0,0
227,"watching  #  last night. ouf,  tough hearing donald  speak. gonna   long road   republican nomination.",-1,0,-1,-0.128
228," @mozgovaya: 10 men  stage discussing one woman. @hillaryclinton ",-1,0,0,0
229," @jolemo376:  think @foxnews  everything    derail  @   ",-1,-0.5,-1,-0.296
230,"@scottwalker russia &amp; china know   hillary clinton's emails    congress! boom!#rednationraising #",-1,0,0,0
231," @dominionin: blimey! # #foxnews @foxnews @piersmorgan :///gtxrtj8ybn",-1,0,0,0
232," @bipartisanism:  watching  # remember  ""jose  take  job, goldman sachs . :///chhzb49t0w",-1,0,0,0
233,"repealing dodd-frank   wise. ",-1,0,0,0.477
234,"chris christie  rand paul feud  tense national security face-  ",-1,-0.5,-1,-0.34
235," huge...   f",-1,0.25,0,0.318
236," hope people   reality tv exposed    love  paul  christi raised voices.  ",-1,0.333,1,0.778
237," @saradmahmoud: ",-1,0,0,0
238,"@marisol_bello @lindseygrahamsc @etammykim @rhondalevaldo thanks   source  dodd-frank. ",-1,0.5,1,0.44
239," @rwsurfergirl:  big problem facing democrats will    get hillary sober long enough    ? ",-1,-0.125,0,-0.402
240," hear  rumbling beneath  fedral triangle  houses  epa... reagan building ",-1,0,0,0
241," assume  guys  boo  gay soldier  time    opportunity  arise. ",-1,0.5,0,0.421
242," @thepatriot143:  winner overall  today's ",-1,1,1,0.586
243," @lmahoneybee: ",-1,0,0,0
244,"fox  commentators   ashamed   way  treated ! ",-1,-0.5,-1,-0.525
245," @gretchencarlson: ""take  bottle  white     pres obamas policies"" @governorperry # @foxnews @foxnewspolitics",-1,0,0,0
246,"language  beautiful :///gfyti5ilvc ",-1,0.75,1,0.599
247," @theladygrantham:  put lord grantham  charge  donald 's finances? ",-1,0,-1,0
248," answer    important question   #  yes, joe flacco ,  fact,  elite quarterback. #ravensnation",-1,0.375,0,0.542
249,"tonight   entertained   first round   ",-1,0,1,0.402
250," @gauchat: hopefully  find   god stands   taxing-pimps issue. ",-1,0.375,1,0.586
251,"  "" alinsky model, takingadvantage  useful idiots"" # #bencarson",-1,0.5,0,0.44
252," @jordanadolph: . seriously though. ",-1,0,0,-0.178
253,"# "" got nothing.  iran gets everything  want."" @govmikehuckabee #marshamarshamarsha",-1,0.25,0,0.077
254,"chris christie, shown  swallowing  fly  thursday's # #ohgodmakeitstop2015 :///z2vx3cridr",-1,0,0,0
255," @ericstonestreet:   cam hands. ",-1,0,0,0
256,"   want people   wedding whose presence    commanded? @  @tmp  ",-1,0.25,0,0.077
257,"damn...  turn republican  . ",-1,-1,-1,-0.402
258," @rwsurfergirl:  @ posed  adult pictures.  bring  ? ",-1,0,0,0
259,"carly fiorina wrote  op-ed  us  ijreview   performance last night.  :///ldqe8kg2zw ",-1,0,0,0
260," @jami_usa:    hold everyone    standards   #,    worth?",-1,0.5,1,0.226
261," @laurenreeves: ""stay tuned  closing statements, final thoughts,  god.""    turned   tv,  good. #",-1,0.5,1,0.612
262,"reminder: family  important  republican 2016 candidates, just  gay families. :///cs0usassqs # :///fmafdubmfb",-1,0.5,0,0.202
263," @lizadonnelly:  put pearls  jeb!   looks like  mom.  drew  ",-1,0.5,1,0.42
264,"  news -  shocks  faithful - :///v4wnjcy9sw - ",-1,0.125,0,0.077
265," @bettyfckinwhite: -can  answer   direct question?-   president. -, ?#",-1,0,0,0
266," @hayesbrown: fact:  jeb  governor, florida  run   death cult. #",-1,-0.5,-1,-0.599
267," @theyentareport: ?  want  know     candidates hear strange voices   head?  ",-1,0,-1,-0.217
268," @nycdeb8tr: @redsteeze @dalestokely megyn kelly     top,  thought   announce  candidacy last night. #",-1,0.5,0,0.202
269," @ericstonestreet:   cam hands. ",-1,0,0,0
270,": banks  babies.   killers. hell yes  got away  bad deals,   can make  usa  scofflaw ! #",-1,-0.5,-1,-0.9
271," @bettyfckinwhite:  donald   biff  back   future 2? ",-1,0,0,0
272,"walker emerges  leading candidate  run enterprise rent--car branch :///x6qa8muta7 ",-1,0,0,0
273,"media continues  praise last night's fox news hit job  specific candidates: :///qd3lbg4vdf ",-1,0.75,1,0.557
274," @popehat: ",-1,0,0,0
275," @mette_mariek: donald   @eddiepepitone's best character ever. ",-1,0.75,1,0.637
276,"  going  claim god gave   campaign contribution. ",-1,0.25,1,0.273
277,"moving    ",-1,0,0,0
278," @jennrios1191: @bretbaier   far  best moderator tonight. hands . ",-1,0.75,1,0.637
279," @olakunlesoriyan: freedom   free...  must fight   everyday--@realbencarson  ",-1,0.167,0.333,0.71
280,"cruz: "" receive  word  god everyday..."" god: "" blame    guy.   pills   voices.""#",-1,0,-1,0.202
281,"""  find mush,  push""   agree  jack  @aandgshow     great motto  life! ( last night's #)",-1,0.5,1,0.784
282," @alilihay:   also prefer   uterus  registered  washington ",-1,0,0,0
283," @gogoaleee: ig deleted dd account   participated   ",-1,0,0,0
284,"notes   republican  (gibberish) :///j7zipvptxk ",-1,0,0,0
285," @annieslisttx: 44%?   tx latina women make   white man's $. will  ",-1,0,0,0.361
286,".@correctrecord @hillaryclinton fox/ party hunger games-demagog food-fighter @carlyfiorina# #morningjoe :///ygmgbavqut",-1,-0.5,0,0.178
287," @shawndrurysc: jeb:  father ...oh nevermind. parenting   overrated. ",-1,0,0,0
288," american people won  ",-1,0.75,1,0.572
289," @goldietaylor: huckabee. ",-1,0,0,0
290,"unless  talking   schools, air quality, water quality... #kasich #  https:///znljf0zjd9",-1,0,1,0
291,"https:///skhas0lqub god damn!    called  mega ",-1,-0.375,-1,-0.224
292,"fox news just declared  megyn kelly, bret baier,  chris wallace won tonight's . #",-1,0.75,1,0.572
293,"@jamiaw @ ",-1,0,0,0
294,"scientific studies  ",-1,0,0,0
295," @andrew_marcinko:   fb photo   guy  asked whether  candidates  spoken  god  ",-1,0.25,0,0.273
296," @rwsurfergirl:  really really really pissed   fox news      @ ",-1,-1,-1,-0.721
297," @kylealexlittle: "" movement back   1800's"" #",-1,0,0,0
298,"catching    ",-1,0,0,0
299,"mr 's questions   tougher  anyone else's.   get center stage  gotta  able  take  heat. ",-1,0,-1,0.178
300,"@halftimereport  smartest people sound like drunk uncles  limited  140characters ",-1,0.062,0.2,0.494
301," @marthamartinme: ",1,0,0,0
302," @conssista: rightly  frank. rightly . ",1,0,1,0
303,"watching  # interesting  far! must say though  disagree    many issues,     entertaining   bunch.",1,0.5,0.333,0.509
304," # #feelthebern can step  fallen #hillary2016#justice #fbi #fec  dissect   22nd amendment: :///4ljeug3gye?",1,-0.5,-1,-0.361
305," @kwrcrow: dr. carson remark  dc  half  brain, best line #.",1,0.75,1,0.637
306,"everybody loves carly  cinderella. compared   dwarfs    table,    afternoon delight. #",1,0.75,1,0.822
307," @jewhaditm: early nielsen ratings suggest thursday's ",1,0,0,0
308," can  watch  ",1,0,0,0
309,"#  loved walker nodding along  carson's responses. carson speaks common sense, sadly    uncommon trait.",1,0.125,0.333,0.273
310," @supermanhotmale: dear john kasich, beat  republican friends   gay tree branch : )  #",1,0.5,1,0.691
311," guess yesterday's ",1,0,0,0
312," @carlyfiorina: talked  @ijreview   pre- ritual.  take solitaire  seriously. https:///o7ujl56nm7 ",1,0,0,-0.178
313,"best line   night?#marcorubio # :///zhnqhdpiln",1,0.75,1,0.637
314," @melissagracey: credit   joke goes  someone else    funny! ",1,0.75,1,0.79
315," @hilderestad: republican strategist @frankluntz 's focus group  ",1,0,0,0
316," @patriotmom61: rick santorum   des moines register soapbox https:///hfqvxaiqph  boatrocker  got things done. ",1,0,0,0
317," @markdavis: #perry, #fiorina clips  #irandeal  better   answers  given    #",1,0.5,1,0.44
318," @wilberforce91: one   favorite things   ",1,0.5,1,0.459
319,"total #smackdown dc  half  brain, best line #.#word   muther @onetoughmutherk",1,0.75,1,0.637
320," @: tune ! ",1,0,0,-0.525
321,"  sometimes  like @ 's character,  still   candidate calling  like  . # #ycot",1,0.5,1,0.612
322," ",1,0,0,0
323," @ggfletcher: 's big beautiful door: ",1,0.5,1,0.599
324," # ratings  huge,  appeared  hurt broadcast: :///drn2bhohii",1,-0.125,-1,-0.273
325," watching # last nite, now know rubio, walker &amp; santorum share belief  rather see wives die thn ""let"" thm get abortions.",1,-0.25,-1,-0.402
326,"loved @billhemmer  @marthamaccallum ditch kelly &amp; wallace sideshow railroad. ",1,0.75,1,0.599
327," #foxnews' #, #  suffering  delusions     #minnesota dentist,  #donaldtrump  #cecilthelion.",1,-0.5,-1,-0.477
328," @johnkasich: smaller govt: ohio government payroll  smaller     3 decades. :///igfif4j1tt ",1,0,0,0
329," @scottwalker: enforce  laws. secure  border. use e-verify. prioritize  american worker  american wages. ",1,0.5,1,0.34
330,"looking  @wonkette's liveblog   ",1,0,0,0
331," @rwsurfergirl:   @ pledge support      establishment sold   obama? ",1,0.5,1,0.402
332,"  like @   will defend    obnoxious buffoon calling   bimbo  insulting women. ",1,-0.25,-0.333,-0.572
333," @molonlabe1776us: retweet   think @hillaryclinton    prison. ",1,-0.5,-1,-0.511
334," @ says,  t sake  #argument, #letmeplaythedevilsadvocate,  means  &amp;  one   better. # #kellyfile",1,0.5,1,0.103
335," @miaholl18: @bradthor  mr.  runs   independent  republicans  win either. ",1,1,1,0.586
336,"vote  :   greatest time   alive   dont know   primary  - jeb bush ",1,0.5,1,0.778
337," @lrihendry: #tedcruz  president,  will always tell  truth,     said   .  #",1,0,1,0.318
338," mainstream media wants  limit  options  establishment puppets.  know  won! ",1,0.75,0,0.611
339," @ericstonestreet:   cam hands. ",1,0,0,0
340,"great article   craziness   last night's ",1,0.75,0,0.361
341," @eusebiaaq: @sternnschool   real illegal alien ",1,-0.75,-1,-0.557
342," honor  last night's #,  like  add  exclamation point   end   name,  maybe get  put  jeb! vanity plate.",1,0.5,0.333,0.624
343," @liberalmmama:  watched  #    can say  pres obama  right,  win ! #fourmoreyears",1,1,1,0.624
344,"support 1 u like ",1,0.5,1,0.637
345," second -retweeted presidential candidate tweet   ",1,0,0,0
346," ",1,0,0,0
347," won last nights ?  damn well better  ",1,0.083,0.5,0.718
348,"trumptastic ",1,0,0,0
349,"@mcbyrne    threaten megyn kelly, drama queen. # #foxnewsdebate #foxdebate",1,-0.5,-1,-0.382
350," @phillyd:  went   gay wedding. ""applause""   black people  !""standing ovation""#",1,0.5,1,0.475
351," sweet. @chrischristie  family  served.   anything   saying     veterans? ",1,0.5,1,0.459
352," @sampuzzo: @progress4ohio @davidjwhite640  take   ",1,0,0,0
353,"@slone @instapundit   actually people angry   candidates  asked real questions?  seriously?#",1,-0.75,-1,-0.655
354,"@larronb overall  @ candidates demonstrated competence, command   issues &amp;  shared optimistic vision. thts  mttrs #",1,0.333,1,0.691
355,"look  jeb coming   throwing gwb   bus   iraq war.  needs     often. ",1,-0.5,-1,-0.599
356,"  commentary needed  last night's ",1,0,0,0
357," way  fun   america watching  ",1,1,1,0.511
358,"lets face  -    really  ",1,0,0,0
359,"@  @candycrowley coach   last nights ",1,0,0,0
360,"   amazing degree  commitment   running joke :///vpxxlxevhi ",1,0.667,1,0.822
361," @mtranquilnight: ",1,0,0,0
362," @sweetpea593: ",1,0,0,0
363,"rubio actually answering  question  immigration. color  impressed ",1,0.75,1,0.477
364," need  put someone    hrc like @marcorubio. -@jedediahbila  ",1,0.5,1,0.361
365,"montel williams just endorsed john kasich  president.# :///ez9yl3uxxs",1,0.5,0,0.25
366,"hi @realbencarson attend  event, sept 26!    contact  campaign, pls say yes! allamericanrally.us  # - please ",1,0.25,0,0.708
367,"@carlyfiorina @ # country  party!   pledge away  option    may need   done.",1,0,1,0.457
368,"@  primary voters: "" chances look good   general election. 'd   shame  something happened..."" #",1,0.25,0,0.153
369," @foxnews: .@scottwalker pledges  lower  tax rate  reform  tax code,  elected president. # :///sknhfykw3u",1,0,1,-0.296
370,"agree  @ingrahamangle  @foxnews questions  ",1,0.25,1,0.361
371," candidate really likes hugs?  one word  defined  one's ",1,0.5,1,0.763
372,"enjoyed  ",1,0,1,0.511
373,"#trump2016 #  illuminati want  ,   will win   :///2kvlxwb9kd :///zycvny4noq",1,0.625,1,0.625
374," @kwrcrow:  will  learn? @foxnews @ attack @   wins @time &amp; @drudge poll. ",1,0.375,0.333,0.153
375," anything   say  real winner   ",1,1,1,0.586
376," slams megyn kelly :///obnqdpoemx via @worldnetdaily ",1,0,-1,0
377," @goldietaylor: commercial break! ",1,0,0,0
378,".@brithume: "" think    clear winner ... carly fiorina"" # #carly2016 https:///3jmydidcdf",1,0.625,1,0.751
379," usual, @peggynoonannyc  insightful   # candidates: :///4yp5vfabjq",1,0,0,0
380,"kasich  clear standout among ",1,0.25,0,0.382
381," @nro:   missed  first  minutes  last night's ",1,-0.5,0,-0.296
382," donald,  spite  megyn kelly, won  ,#",1,0.75,0,0.077
383," real winners   #   jr. debaters,  came across  far  intelligent   brawling children later .",1,0.5,0.333,0.727
384,"  beautiful night  ",1,0.75,1,0.599
385,"donated  @ppact  @jebbush name   ",1,0,0,0
386," @tonykatz: can  get    @govchristie  @randpaul discuss liberty  security   hour? please? @93wibc ",1,0.25,1,0.816
387,"aaand  question   racial divide goes  ... *drum roll* ...   black man  stage. ",1,0,-1,0
388," @wilberforce91: one   favorite things   ",1,0.5,1,0.459
389,"ghana got swag  ' &amp; dl' ",1,0,0,0
390,"clear winner  last nights ",1,0.625,1,0.751
391," @montel_williams: gaining    tonight's ",1,0.5,0,0.421
392,"@johnkasich  like: ""  turn    gay  still love  even   daddy @tedcruz ."" # https:///ttbhqikpm8",1,0.625,1,0.772
393,"babara boxer running  check  carly fiorina   record  calif. outsourcing jobs, lining  pockets w/$$$, corp welfare #",1,0,0,0
394," @kwrcrow:  will  learn? @foxnews @ attack @   wins @time &amp; @drudge poll. ",1,0.375,0.333,0.153
395," minister,  doctor  2 business owners walked   stage last night  made   sense  . # :///gly4myqxyw",1,0,1,0
396,"now   dust  settling  last night,  becoming clear  #johnkasich won  helped   . # #2016",1,0.5,1,0.743
397," @bettyfckinwhite:  donald   biff  back   future 2? ",1,0,0,0
398," @brianmrosenthal: icymi:  #, @randpaul calls  houston mayor annise parker  #hero controversy: :///qxb1edqozn",1,0,-1,0.557
399," comes chase  facebook, asking  important questions *hurts forearm making jerk  gesture* #",1,-0.25,-1,-0.572
400," @teamrickperry: .@governorperry   plan  end sanctuary cities ",1,0,0,0
401," @supermanhotmale:   winner ...  koch brothers ",1,1,1,0.586
402," @votingfemale: ",1,0,0,0
403," @saladinahmed:  part  huckabee started screaming  fetuses  spraying chrome paint   mouth  intense. ",1,-0.125,-1,-0.318
404," @kwrcrow: dr. carson remark  dc  half  brain, best line #.",1,0.75,1,0.637
405," one summed   better  ",1,0.5,1,0.44
406,"feel  bern @sensanders : ) ",1,0,0,0
407," @naral: ""@scottwalker, given  record  wisconsin,   voters believe ?"" great question, #.",1,0.75,1,0.625
408," @rwsurfergirl:  debates will raise @ 's ratings  fox news  afraid     shows. ",1,-0.5,-1,0
409,"wow,  expected  lot  people  watch  #    many :///io41nn1omn",1,1,0,0.586
410," @biasedgirl: thank , @  exposing donald    fraud  . thank . # #dumptrump",1,-0.062,0.333,-0.226
411,"wow ",1,1,0,0.586
412,"megyn kelly played footies  debbie washerwoman schultz.  attempted  take  donald . #foxnews#",1,0,0,0.34
413," @michigancrs: "" believe  people  looking  someone  tell  truth"" @tedcruz #cruz2016 #",1,0,1,0.318
414," @mjtbaum: god  making  appearance   ",1,0.25,0,0.273
415," @beem_skeem: ",1,0,0,0
416," @b140_tweet:   remind    ",1,0,0,0
417,".@borowitzreport assesses walker's # performance, via @newyorker: :///87p5eew8w7",1,0,0,0
418," @disruptepreneur: wow.  primary source  entertainment   next six months   cemented. ",1,1,1,0.765
419," @warriorwoman91: carly declared winner  many   first ",1,1,1,0.586
420,"    retweeted comment   ",1,0,0,0
421,"democrats    loving  ",1,0.5,1,0.599
422," @ohnoshetwitnt:  surprised   use air quotes   says ""president"" obama. #",1,0,0,0.226
423," @ericstonestreet:   cam hands. ",1,0,0,0
424," @lowrancc: "" borrowing $1m  minute.  gotta stop somewhere."" #standwithrand # :///s7ukcfcefb",1,-0.25,0,-0.296
425," missed  #,   amazed    somehow considered   lead.https:///qzmg96pf75",1,0,1,0.25
426," @renomarky:  picture taken  ",1,0,0,0
427,"@brianstelter care  reality! #reality matters,  theories, equations,  books! #sciencenotsex # :///od0i4cnksn",1,0.375,1,0.597
428,"@brucebartlett @jesselagreca  ",1,0,0,0
429,"ben carson  caked    finest black radiance setting powder.# # #bnrdebate #",1,0,1,0.34
430," @politicoroger: : "" leaders  stupid;  politicians  stupid.  mexican government  much smarter."" #",1,-0.167,-0.333,-0.586
431,"@carlyfiorina ",1,0,0,0
432," @: .@randpaul  want  collect  records  terrorists,  less records  innocent americans #",1,0.25,0,-0.698
433," @onceuponaliz:    bernie sanders   come,   god,   marco rubio  ahead   race  40+ points? #",1,0.25,0,0.273
434," @salmasekela:  kasich aware   making sense? ",1,0,1,0
435," @torchie123:  guy got  real shaft   # tonight.  ? # :///zw8jupqp11",1,0,0,0
436," @becca0mae:   know  won  ,  @writeintrump definitely won  award  ""best # live tweeting""",1,0.75,1,0.957
437," @martinomalley:  must rein  wall street.  call  every candidate  commit   four principles. ",1,0.25,1,0.296
438,".@ displayed ""utmost authority""  @foxnews #, critic says. :///8jbvwjtj3t :///mel8jxm19b",1,-0.125,-1,-0.202
439,"@kvlxi19xx yes    never claimed     .#duh #donaldtrump  #",1,0.25,0,0.402
440,":///ys2n1uflht# wrapup. @tgradous @marylene58 @llmajer @larryvance47 @jver1 @lvnancy @qnoftherealm @usvetram @freelion7",1,0,0,0
441,"""  win anymore.   lose  china.   lose  mexico.   lose  everybody."" -trumppreach , sir, preach ! #",1,1,-0.5,-0.556
442," last @jebbush trying  unite  pitch    attacking @ ",1,-0.25,0,-0.459
443,"@thepalealewife   thinking ",1,0,0,0
444,"# reassured  affinity republicans   kurdish militants.  elected president jindal said  ""arm  kurds"" .e. pyd.",1,0.25,1,0.402
445," @nonprophetess: ""received word  god.""   good.#",1,0.5,1,0.612
446,"republicans  economics: rubio wins, bush falters, huckabee exaggerates :///molloaqhwq # #knowmorenotless @gpnaplang",1,0.25,-0.333,0.477
447,"""people  care less   like ,  want  civil rights""- @raulareyes   topic  lgbt rights   #",1,0.417,1,0.664
448,"  dislike jeb  much   ",1,-0.5,-1,-0.382
449," @ericstonestreet:   cam hands. ",1,0,0,0
450," @rwsurfergirl:  debates will raise @ 's ratings  fox news  afraid     shows. ",1,-0.5,-1,0
451," @mercedesschlapp:  terms  substance, @jebbush dominates #",1,0,0,0.052
452,"@ lives  fight another day. odds seem  ever    favor. ",1,0.125,-1,0.026
453," @jamalraad:  immigration strategy https:///qzmfehr8vf ",1,0,0,0
454,""" defunded planned parenthood.  created  culture  life."" pp = healthier people, parents &amp; babies &amp; lowers .  abortions. #",1,0,1,0.128
455," @freedomjames7:  wants  hug?# :///iats8vyx7c",1,0.5,1,0.477
456," @kerrydiaries: honestly  sure   watching mean girls  ",1,0,1,0.649
457,"        campground   day   first ",1,0,0,0
458,"@rushlimbaugh    ",1,0,0,0
459,"tea4texs:  cnn:  one eclipses   ",1,0,0,0
460," thought #  good, despite @ grandstanding. @bencarson2016 really brought logic  back   campaign table.",1,0.75,1,0.44
461," @someecards: 16   funniest reactions  last night's inadvertently hilarious  . :///nkwjlscecm ",1,0.5,1,0.743
462,"miss one     ",1,-0.5,0,-0.153
463," doubt! huge bump! ",1,0,-1,-0.198
464," @demsrrealracist:  keeps trying  make definitive statements   ",1,0,0,0
465," @thebaxterbean: rand paul  video admitting  opposed 1964 civil rights act https:///qzbazmv7iz ",1,0,0.5,0
466," @tramontela:  great coverage @wksu @mlschultze :///bryjh5epif @monchosbarcle @montoyaisabelc ",1,0.75,1,0.625
467," @chadpergram: cruz:  need  commander  chief  makes clear   join isis,    signing  death warrant. #",1,0,0,-0.026
468," @alexandergold: kim kardashian  kanye west's selfie  hillary clinton   important  anything said   ",1,0.5,0,0.202
469," @stephenstephan: rubio: basically  life  sacred. ",1,0,1,0
470,"@ @bretbaier @foxnewssunday ppl say @ needs specifics. yet u gave  type questions   opponents ",1,0,-1,0
471,"three best performance   # (  order), imho:  carly fiorina &amp; ben carson &amp; marco rubio.""",1,0.75,1,0.637
472," @jbthomjohn: last night's #:  topics merited attention,    ignored #goptbt :///tqxw14qzzb",1,-0.5,0,0.026
473,"@notaxation thank    thoughts   ",1,0.5,1,0.361
474," @daveanthony: chewbacca     just roaring every    .   fit right .  ",1,0.25,1,0.361
475," @againstcronycap: fiorina calls    giving  hillary's senate run :///hutoqzgyud ",1,0,0,0.34
476,"@ can insult everyone &amp; call  stupid   cries  @ tough  fair questions.",1,-0.25,-0.6,-0.822
477," @mediaboobs: ",1,0,0,0
478,"props  @foxnews   great questions.  @ @bretbaier @foxnewssunday ",1,0.75,1,0.625
479,"bernie sanders   fucking national treasure.@berniesanders #feelthebern # #jonstewart #donaldtrump #bernie2016 #democrat",1,-1,-1,0
480," @bethbehrs: classy. ",1,0.75,1,0.44
481,"cracking   @theskimm summary   ",1,0,0,0
482,".@ppact can sell baby parts  profit,  whatever  want  call ,    call  woman  slob. # #pc #trump2016",1,0.25,-1,0.494
483," @ericstonestreet:   cam hands. ",1,0,0,0
484,".@carlyfiorina shows   push back  matthews  @hardball ",1,0,0,0
485,"fifty-fifty%  "" stupidity   american voter"" .@realbencarson  @hillaryclinton   # :///pkyjsglvfr",1,0,-1,-0.44
486,"  person  ",1,0,0,0
487," @optibotimus: know  funny.... ",1,1,1,0.44
488," @will_bunch:  smart  kasich  say, essentially, "" hear  concerns   voters except   sane"" #",1,0.25,1,0.402
489," @adamslily:   contrast. ",1,0,-1,0
490,"thanks @eat24  donald ! just got  pepperoni roll &amp;  root beer  $7.50 + tip. ",1,0.5,1,0.493
491,""" purpose   military   kill people  break things"" @govmikehuckabee #  might   quote   night",1,-0.75,-1,-0.691
492," @mozgovaya: 10 men  stage discussing one woman. @hillaryclinton ",1,0,0,0
493,"mike huckabee.   received  nomination  many times. @ ",1,0,0,0
494,"#    stand  stage together, looks like  @ cabinet meeting.",1,0.5,1,0.361
495,"sydtrvp:  berniesanders: tom hanks. finally. somebody  makes  sense. ",1,0,1,0
496,"yes,  moe   smartest stooge#democrats # @thedemocrats https:///ucd675mrmy",1,0.375,1,0.772
497,"politics nerd moment:  vacation. lost  chill   looked  @  bar tv  see   missing  ",1,-0.625,-1,-0.691
498," @americansunited: blog: god made  cameo appearance  last night's ",1,0.25,0,0.273
499,"christie, huckabee, walker get top marks...   score well last night :///3afiekcitk #",1,0.5,1,0.44
500,"chris christie: pro-life republicans  never apologize   pro-life :///mdmned8lgq ",1,-0.25,1,-0.076
501," @jjosephwilliams: 16%  united states homes  tv sets tuned   ",1,0.25,1,0.421
502,"omg!!! favorite thing. ",1,0.5,1,0.596
503,"ben carson  last night's ",1,0,0,0
504," @jimkilbane: ",1,0,0,0
505,"yeah   candidates  going  repel obamacare  replace   something! go ! ",1,0.25,-1,0.418
506,"  say   became conservative  hes  ",1,0,0,0
507,"@  point  response  @ ""   become  republican? "" #",1,0,0,0
508," actually agree  @andreatantaros  something.  said @  hurt   ",1,-0.125,0,-0.226
509," @rwsurfergirl:   @ pledge support      establishment sold   obama? ",1,0.5,1,0.402
510,"@marthamaccallum @billhemmer ",1,0,0,0
511," @kavithadavidson:  will totally stay tuned  god, megyn. #",1,0.25,0,0.332
512,"  undercard debates  say  two  stay   race :  carly fiorina  bobby jindal.  ",1,0,0,0
513,"bottom line    will vote     candidates last night  @hillaryclinton ",1,0,0,0
514,"cruz:  new sheriff  town.  nice summary.   cherishes freedom -  freedom.  ",1,0.562,1,0.937
515," want  rand paul   ",1,0.25,0,0.077
516," @patriotmom61: best moment  ",1,0.75,1,0.637
517," @guypbenson: good rubio answer  immigration, invoking unfairness  system    play   rules. #",1,0.75,0,0.649
518,"seems like supporting  sex marriage  actually popular  republicans ",1,0.5,1,0.802
519," got double  speaking time  paul: :///2wndaiiikc ",1,0,-1,0
520,"2016 prediction: clinton 43.0% bush 37.5%  18.9% (millions  vote b/c bush   rino)https:///bdsp6ig77v#",1,0,0,0
521," missed  # (driving  mother road)    take   satisfying bowel movement  bushland, texas. :///e0huw70rrr",1,-0.5,1,0.202
522," @richarddeitsch: .@frankbruni  ",1,0,0,0
523," @rmuench22: . . everything. ",1,0,0,0
524," schooling chris wallace reminded    scene  back  school  dangerfield schooled  nerdy biz professor. ",1,0,-1,-0.052
525,"2 drinks -# said ""great, great."" #",1,0.75,1,0.848
526,"@npr   sure immigrant song came  ",1,0,0,0.318
527," @comcatholicgrl: @marcorubio slaying ",1,0,-1,0
528,"oh gurrrrrlll!  :d ",1,0,0,0.556
529,"   refreshing?@tedcruz @realbencarson #  #thinkbeforeyouvote #stand #willneverlie  https:///vgz4knfxk7",1,0,1,0
530," usually   politics...   good entertainment ",1,0.75,1,0.691
531," @bettyfckinwhite: -can  answer   direct question?-   president. -, ?#",1,0,0,0
532," @lovablegold:  got  crying ",1,-0.5,-1,-0.477
533,"oh race issues,    good. #",1,0.75,1,0.44
534,"bwahaha!! love  ",1,0.75,1,0.734
535,"@sallykohn @ megyn   now officially charted   moonbat hit parade.  # #",1,0,0,0
536,"    losers: @   proud | :///kowxyzui4z  ",1,0.5,0,-0.077
537,"    impressed   questions last night, @ 's dress rocked!!! #whoareyouwearing # @foxnews",1,0.75,1,0.609
538,"best part  # -@ telling @ "" aint cool  real &amp;  dont    nice  yo ass""",1,0.188,0.333,0.58
539,"gmadawny:  rhondawatkgwyn: ",1,0,0,0
540,"excellent .@michellemalkin wow ",1,0.875,1,0.818
541," right last  heard @sensanders    women  give birth  s child.   changed? ",1,0,1,0
542,"best ""reality"" show  earth #",1,0.75,1,0.637
543,"favorite quote   night ""freedom  free"" #",1,0.417,1,0.889
544," @cohealthaccess:  biggest winner   republican   ",1,1,1,0.586
545,"huckabee plays bass right?  must play  steinberger.  just know . ",1,0,1,0.527
546,"@slone @  watching  plans unfold- psych. warfare - pure &amp; simple. games. ",1,-0.5,-1,-0.296
547,"   hollywood  get dr. doom right   foxnews got  right 10 times last night? ",1,-0.5,0.333,-0.402
548,"@dan_bernstein      can call    just  joke.  biggest one    donald . ",1,0.5,1,0.296
549,"love   ",1,0.75,1,0.637
550,"@alyonamink  unpacking  ",1,0,0,0
551,"glad  see  jesus got  shout-  las night's .  candidates  pushing  envelope.#",1,0.5,1,0.459
552,"@pondering_this @carlyfiorina   &amp;   impressed w/ last pm.  took  entire night!  ",1,0.75,1,0.525
553," @comcatholicgrl: ""  government tries  invade  church,  time  resist"" -@randpaul #",1,0,-1,0
554," @abbijacobson: shiiiittt,  tough  say   making   horny. #",1,0,-1,-0.128
555," @notbillwalton:    greatest snl sketch  -time. ",1,0.75,0,0.637
556," @sanddragger: ",1,0,0,0
557," @lollyohmy: good thing ",1,0.75,1,0.44
558," @ericstonestreet:   cam hands. ",1,0,0,0
559,"   one  complain  america's corrupt 2 party system -  better  complain  's threat last night ",1,-0.25,-0.6,-0.421
560,"omg @!     fox news fan    clinton fan..     amazing job last night, impressed   qs. #",1,0.812,1,0.895
561,".@ totally dominates @drudge_repo  @time ",1,0,0,0.126
562," hear ,  candidates? kasich said god wants america  succeed.   bad   ,  least, wanted america  fail! #",1,-0.333,-0.333,-0.457
563,"women always call men pigs.  # calls   dog   shut , hypocrites @ @ # #tcot #tlot",1,0,-1,0
564,"@realbencarson    others  getting  time  .   real  everybody gets involved. ",1,0,0,0
565," @govmikehuckabee:  take america  hope  higher ground. will  help? --&gt; :///tky8smc27y ",1,0.5,1,0.772
566,"fuck ya donald   rocked ",1,-1,-1,-0.542
567," @kennedynation: ",1,0,0,0
568,"jeb bush  rand paul    ones  see  odds rise   ",1,0,0,0
569," @nicksylian:  today   time  next president  one year  office ",1,0,0,0
570,"@shawnsuth   misled.   like  5/10 tweet party.  #,    hand,    incredible.",1,0.5,0,0.813
571,"@ericbolling ppl say @ needs specifics. ,   # panel give   type  questions  opponents?! rigged!",1,-0.25,-1,-0.474
572," interested  see  carly fiorina, ben carson  mike huckabee pick  steam.  everyone came  unscathed   #",1,0.5,0,0.402
573,"@frankluntz @  ""focus group""   joke!  takedown attempt  #trump2016   huge fail!  won # easily!",1,0.25,0.5,0.789
574,"ok    one  brought immigration  national stage sure lets go   makes sense ",1,0,1,0.572
575," @salmasekela:  kasich aware   making sense? ",1,0,1,0
576,"watched  #,  kept thinking, ""   real answer 2 america's problems!"" #seekweek15 @lifeaction  https:///djcj7bhgzb",1,-0.5,-1,-0.457
577," @johnkasich: john kasich knows   balance budgets   actually done .  will   . ",1,0,1,0
578,"donald   john galt. chew  . ",1,0,0,0
579," @: .@  giving  ",1,0,0,-0.178
580," @fwd_us: ",1,0,0,0
581," wants  form  night's watch!  big wall   fancy door! yassssss! ",1,0.25,1,0
582,"cruz' closing statement may  sounded like  came   meat market,  huge difference   cruz  actually  . #",1,0.375,1,0.586
583," #chrischristie's disapproval ratings  high now, wait till  #bridgegate trial  fall. # #foxnews :///r9ctplw5up",1,0,-1,0
584," @slaboe: [video] :///taph65klje@carlyfiorina rocks  1st round  # #carly2016 :///3l7yimjxdl",1,0,0,0
585,"please help  maryknoll sisters replace windows   convent https:///fdgxg3vv13 ",1,0.375,1,0.612
586,"actually ,  live   least violent time  human history. #",1,-0.75,-1,0.485
587,".@pftcommenter's national recognition (&amp; hair)   best thing  come    ",1,0.75,1,0.637
588,"kind  glad   get  watch  ",1,0.625,1,0.751
589," @phillyd: aggressively normal?  found  name   new mixtape!!  ",1,0,0,-0.437
590," @ ever tell @  go wait   car?  bad attitude suggests . ",1,-0.75,-1,-0.542
591," @ericstonestreet:   cam hands. ",1,0,0,0
592," @pftcommenter troll job  last night's ",1,0,0,0
593," @fieldnegro:  happiest person  america today  watching  debates  hrc. ",1,0,1,0.637
594," @louvice: donald will go independent! rubionever shows  4 work! ",1,0,0,0
595," @ericstonestreet:   cam hands. ",1,0,0,0
596," @deenazarucnn: .@realbencarson: thank  megyn,   sure   going   get  talk  # :///gnnn9idons",1,0.5,1,0.586
597," watch 10 contenders    can just watch megyn kelly? ",1,0,-1,0
598," @teammarco: marco nailed   abortion.  must protect life. ",1,0.25,1,0.382
599," @salmasekela:  kasich aware   making sense? ",1,0,1,0
600,"@foxnews ",1,0,0,0
